AN202609151829414867	2026-09-15	波长光电:2026年半年度权益分派实施公告
AN202608181828110726	2026-08-19	波长光电:部分首次公开发行前已发行股份上市流通的提示性公告
AN202608181828110614	2026-08-19	波长光电:华泰联合证券有限责任公司关于南京波长光电科技股份有限公司部分首次公开发行前已发行股份上市流通的核查意见
AN202608181828108430	2026-08-19	波长光电:华泰联合证券有限责任公司关于南京波长光电科技股份有限公司2026年半年度跟踪报告
AN202608141827991233	2026-08-14	波长光电:301421波长光电投资者关系管理信息20260814
AN202608111827865865	2026-08-12	波长光电:2026年半年度利润分配预案公告
AN202608111827865286	2026-08-12	波长光电:2026年半年度募集资金存放、管理与使用情况的专项报告
AN202608111827865289	2026-08-12	波长光电:2026年半年度报告
AN202608111827865284	2026-08-12	波长光电:2026半年度非经营性资金占用及其他关联资金往来情况汇总表
AN202608111827865290	2026-08-12	波长光电:第五届董事会第二次会议决议公告
AN202608111827865283	2026-08-12	波长光电:2026年半年度报告摘要
AN202608111827865285	2026-08-12	波长光电:关于会计政策变更的公告
AN202608111827865292	2026-08-12	波长光电:关于2026年半年度计提资产减值及核销资产的公告
AN202607201827150164	2026-07-20	波长光电:2026年半年度业绩预告
AN202607011826633650	2026-07-01	波长光电:关于股票交易异常波动的公告
AN202606241823808108	2026-06-24	波长光电:关于完成工商变更登记并换发营业执照的公告
AN202606221823718768	2026-06-22	波长光电:投资者关系活动记录表
AN202606181823671611	2026-06-18	波长光电:关于公司董事长收到《取保候审决定书》的公告
AN202606181823669973	2026-06-18	波长光电:投资者关系活动记录表
AN202605271822915614	2026-05-27	波长光电:2025年年度权益分派实施公告
AN202605251822861935	2026-05-25	波长光电:投资者关系活动记录表
AN202605111822171320	2026-05-11	波长光电:2025年年度股东会决议公告
AN202605111822171314	2026-05-11	波长光电:关于董事会完成换届选举并聘任高级管理人员及证券事务代表暨变更法定代表人的公告
AN202605111822171310	2026-05-11	波长光电:第五届董事会第一次会议决议公告
AN202605111822171315	2026-05-11	波长光电:关于聘任高级顾问暨关联交易的公告
AN202605111822171318	2026-05-11	波长光电:江苏世纪同仁律师事务所关于南京波长光电科技股份有限公司2025年年度股东会的法律意见书
AN202605111822171311	2026-05-11	波长光电:华泰联合证券有限责任公司关于南京波长光电科技股份有限公司聘任高级顾问暨关联交易的核查意见
AN202605111822171317	2026-05-11	波长光电:华泰联合证券有限责任公司关于南京波长光电科技股份有限公司2025年年度跟踪报告
AN202604281821675522	2026-04-28	波长光电:投资者关系活动记录表
AN202604231821501211	2026-04-23	波长光电:投资者关系活动记录表
AN202604231821494079	2026-04-23	波长光电:关于举办2025年年度暨2026年一季度业绩说明会的公告
AN202604201821348241	2026-04-21	波长光电:江苏世纪同仁律师事务所关于南京波长光电科技股份有限公司2024年限制性股票激励计划第二个归属期归属条件未成就暨作废部分已授予但尚未归属的限制性股票的法律意见书
AN202604201821348220	2026-04-21	波长光电:独立董事提名人声明与承诺-葛军
AN202604201821348234	2026-04-21	波长光电:关于2025年度计提资产减值及核销资产的公告
AN202604201821348226	2026-04-21	波长光电:2026年一季度报告
AN202604201821348212	2026-04-21	波长光电:天职业字[2026]20246-1号波长光电内部控制审计报告
AN202604201821348217	2026-04-21	波长光电:华泰联合证券有限责任公司关于南京波长光电科技股份有限公司部分超募资金永久补充流动资金的核查意见
AN202604201821348243	2026-04-21	波长光电:华泰联合证券有限责任公司关于南京波长光电科技股份有限公司部分募集资金投资项目延期的核查意见
AN202604201821348230	2026-04-21	波长光电:关于召开2025年年度股东会的通知
AN202604201821348235	2026-04-21	波长光电:2025年度董事会工作报告
AN202604201821348237	2026-04-21	波长光电:华泰联合证券有限责任公司关于南京波长光电科技股份有限公司使用闲置募集资金进行现金管理及使用自有资金开展委托理财的核查意见
AN202604201821348215	2026-04-21	波长光电:关于董事会换届选举的公告
AN202604201821348218	2026-04-21	波长光电:2025年度内部控制评价报告
AN202604201821348238	2026-04-21	波长光电:华泰联合证券有限责任公司关于南京波长光电科技股份有限公司2025年度募集资金存放、管理与使用情况的专项核查意见
AN202604201821348236	2026-04-21	波长光电:独立董事候选人声明与承诺-沈平
AN202604201821348228	2026-04-21	波长光电:独立董事2025年度述职报告(季学庆)
AN202604201821348105	2026-04-21	波长光电:关于使用闲置募集资金进行现金管理及使用自有资金开展委托理财的公告
AN202604201821347670	2026-04-21	波长光电:董事会关于独立董事2025年度保持独立性情况的专项意见
AN202604201821347686	2026-04-21	波长光电:天职业字[2026]20246-3号波长光电募集资金存放、管理与使用情况鉴证报告
AN202604201821347720	2026-04-21	波长光电:2025年年度报告摘要
AN202604201821347673	2026-04-21	波长光电:关于使用部分超募资金永久补充流动资金的公告
AN202604201821347672	2026-04-21	波长光电:2025年度募集资金存放、管理与使用情况的专项报告
AN202604201821347722	2026-04-21	波长光电:第四届董事会第二十二次会议决议公告
AN202604201821347676	2026-04-21	波长光电:未来三年(2026年—2028年)股东回报规划
AN202604201821347683	2026-04-21	波长光电:2025年度非经营性资金占用及其他关联资金往来情况汇总表
AN202604201821347724	2026-04-21	波长光电:关于续聘公司2026年度审计机构的公告
AN202604201821347717	2026-04-21	波长光电:2025年度利润分配预案公告
AN202604201821347669	2026-04-21	波长光电:2025年年度报告
AN202604201821347678	2026-04-21	波长光电:天职业字[2026]20246-2号波长光电控股股东及其他关联方资金占用情况的专项说明
AN202604201821347677	2026-04-21	波长光电:独立董事提名人声明与承诺-沈平
AN202604201821347703	2026-04-21	波长光电:董事及高级管理人员薪酬管理制度
AN202604201821347723	2026-04-21	波长光电:薪酬与考核委员会关于2024年限制性股票激励计划第二个归属期归属条件未成就及作废部分已授予但尚未归属的限制性股票的核查意见
AN202604201821347517	2026-04-21	波长光电:关于公司2026年中期分红安排的公告
AN202604201821347555	2026-04-21	波长光电:关于部分募集资金投资项目延期的公告
AN202604201821347531	2026-04-21	波长光电:2025年年度审计报告
AN202604201821347550	2026-04-21	波长光电:关于2025年度会计师事务所履职情况的评估报告
AN202604201821347513	2026-04-21	波长光电:关于为子公司提供担保额度预计的公告
AN202604201821347514	2026-04-21	波长光电:独立董事2025年度述职报告(葛军)
AN202604201821347527	2026-04-21	波长光电:独立董事候选人声明与承诺-朱军辉
AN202604201821347525	2026-04-21	波长光电:关于董事、高级管理人员2026年度薪酬方案的公告
AN202604201821347534	2026-04-21	波长光电:独立董事候选人声明与承诺-葛军
AN202604201821347521	2026-04-21	波长光电:华泰联合证券有限责任公司关于南京波长光电科技股份有限公司为子公司提供担保额度预计的核查意见
AN202604201821347554	2026-04-21	波长光电:独立董事2025年度述职报告(毛磊)
AN202604201821347512	2026-04-21	波长光电:关于会计政策变更的公告
AN202604201821347510	2026-04-21	波长光电:董事会审计委员会对会计师事务所2025年度履行监督职责情况的报告
AN202604201821347560	2026-04-21	波长光电:华泰联合证券有限责任公司关于南京波长光电科技股份有限公司2025年度内部控制评价报告的核查意见
AN202604201821347541	2026-04-21	波长光电:关于2024年限制性股票激励计划第二个归属期归属条件未成就及作废部分已授予但尚未归属的限制性股票的公告
AN202604201821347529	2026-04-21	波长光电:独立董事提名人声明与承诺-朱军辉
AN202601061816107457	2026-01-06	波长光电:关于变更签字注册会计师的公告
AN202601061816107449	2026-01-06	波长光电:华泰联合证券有限责任公司关于南京波长光电科技股份有限公司2025年现场检查报告
AN202601061816107455	2026-01-06	波长光电:华泰联合证券有限责任公司关于南京波长光电科技股份有限公司持续督导期2025年培训情况报告
AN202512301811315259	2025-12-30	波长光电:关于注销部分募集资金专户的公告
AN202512291810689591	2025-12-29	波长光电:2025年第四次临时股东会决议公告
AN202512291810689604	2025-12-29	波长光电:江苏世纪同仁律师事务所关于南京波长光电科技股份有限公司2025年第四次临时股东会的法律意见书
AN202512241807228818	2025-12-24	波长光电:投资者关系活动记录表
AN202512111798381687	2025-12-12	波长光电:第四届董事会第二十一次会议决议公告
AN202512111798381691	2025-12-12	波长光电:关于公司部分募投项目结项并将节余募集资金永久补充流动资金的公告
AN202512111798381690	2025-12-12	波长光电:华泰联合证券有限责任公司关于南京波长光电科技股份有限公司部分募投项目结项并将节余募集资金永久补充流动资金的核查意见
AN202512111798381689	2025-12-12	波长光电:关于召开2025年第四次临时股东会的通知
AN202511191784335160	2025-11-19	波长光电:关于调整第四届董事会审计委员会委员的公告
AN202511191784335161	2025-11-19	波长光电:第四届董事会第二十次会议决议公告
AN202511191784332346	2025-11-19	波长光电:关于选举职工代表董事的公告
AN202511181783762461	2025-11-18	波长光电:江苏世纪同仁律师事务所关于南京波长光电科技股份有限公司2025年第三次临时股东大会的法律意见书
AN202511181783761694	2025-11-18	波长光电:2025年第三次临时股东大会决议公告
AN202511141781178641	2025-11-14	波长光电:关于召开2025年第三次临时股东大会的提示性公告
AN202511121779976310	2025-11-12	波长光电:关于董事股份减持计划实施完成的公告
AN202510301771941641	2025-10-30	波长光电:投资者关系活动记录表
AN202510281770687027	2025-10-29	波长光电:董事、高级管理人员离职管理制度(2025年10月)
AN202510281770687032	2025-10-29	波长光电:投资者关系管理制度(2025年10月)
AN202510281770687020	2025-10-29	波长光电:对外担保管理办法(2025年10月)
AN202510281770687008	2025-10-29	波长光电:公司章程(2025年10月)
AN202510281770687362	2025-10-29	波长光电:独立董事工作制度(2025年10月)
AN202510281770687357	2025-10-29	波长光电:关于召开2025年第三次临时股东大会的通知
AN202510281770687036	2025-10-29	波长光电:内部审计制度(2025年10月)
AN202510281770687049	2025-10-29	波长光电:信息披露管理制度(2025年10月)
AN202510281770687363	2025-10-29	波长光电:防范控股股东及其他关联方资金占用制度(2025年10月)
AN202510281770687370	2025-10-29	波长光电:董事会议事规则(2025年10月)
AN202510281770687012	2025-10-29	波长光电:董事会薪酬与考核委员会工作细则(2025年10月)
AN202510281770687022	2025-10-29	波长光电:董事会提名委员会工作细则(2025年10月)
AN202510281770687358	2025-10-29	波长光电:董事会战略委员会工作细则(2025年10月)
AN202510281770687034	2025-10-29	波长光电:关于修订《公司章程》及其附件并调整公司治理架构的公告
AN202510281770687369	2025-10-29	波长光电:第四届监事会第十八次会议决议公告
AN202510281770687044	2025-10-29	波长光电:内幕信息知情人登记管理制度(2025年10月)
AN202510281770687023	2025-10-29	波长光电:2025年三季度报告
AN202510281770687053	2025-10-29	波长光电:总经理工作细则(2025年10月)
AN202510281770687376	2025-10-29	波长光电:信息披露暂缓与豁免业务管理制度(2025年10月)
AN202510281770687368	2025-10-29	波长光电:募集资金管理制度(2025年10月)
AN202510281770687364	2025-10-29	波长光电:董事会秘书工作规则(2025年10月)
AN202510281770687048	2025-10-29	波长光电:对外投资管理办法(2025年10月)
AN202510281770687033	2025-10-29	波长光电:第四届董事会第十九次会议决议公告
AN202510281770687005	2025-10-29	波长光电:董事、高级管理人员持有本公司股份及其变动管理制度(2025年10月)
AN202510281770687047	2025-10-29	波长光电:累积投票制度实施细则(2025年10月)
AN202510281770687029	2025-10-29	波长光电:委托理财管理制度(2025年10月)
AN202510281770687018	2025-10-29	波长光电:会计师事务所选聘制度(2025年10月)
AN202510281770687039	2025-10-29	波长光电:关于修订、制定《独立董事工作制度》等公司治理制度的公告
AN202510281770687050	2025-10-29	波长光电:董事会审计委员会工作细则(2025年10月)
AN202510281770687007	2025-10-29	波长光电:股东会议事规则(2025年10月)
AN202510281770687040	2025-10-29	波长光电:对外提供财务资助管理制度(2025年10月)
AN202510101759629898	2025-10-10	波长光电:关于部分董事减持股份的预披露公告
AN202510101759539753	2025-10-10	波长光电:关于新加坡全资子公司在马来西亚设立全资子公司并完成登记的公告
AN202509221748488633	2025-09-22	波长光电:2025年半年度权益分派实施公告
AN202509191746680233	2025-09-19	波长光电:关于股票交易异常波动的公告
AN202508201731092123	2025-08-20	波长光电:投资者关系活动记录表
AN202508181729848621	2025-08-19	波长光电:董事会决议公告
AN202508181729848622	2025-08-19	波长光电:监事会决议公告
AN202508181729848628	2025-08-19	波长光电:关于聘任高级管理人员的公告
AN202508181729848618	2025-08-19	波长光电:2025年半年度报告摘要
AN202508181729848616	2025-08-19	波长光电:华泰联合证券有限责任公司关于南京波长光电科技股份有限公司2025年半年度跟踪报告
AN202508181729848620	2025-08-19	波长光电:2025年半年度募集资金存放、管理与使用情况的专项报告
AN202508181729848615	2025-08-19	波长光电:2025年半年度利润分配预案公告
AN202508181729848624	2025-08-19	波长光电:2025年半年度非经营性资金占用及其他关联资金往来情况汇总表
AN202508181729848619	2025-08-19	波长光电:2025年半年度报告
AN202508181729848627	2025-08-19	波长光电:关于2025年半年度计提资产减值的公告
AN202506241696808034	2025-06-24	波长光电:关于股票交易异常波动的公告
AN202506161692010383	2025-06-16	波长光电:2024年年度权益分派实施公告
AN202506121689771024	2025-06-12	波长光电:投资者关系活动记录表
AN202505291681304416	2025-05-29	波长光电:关于为全资子公司提供担保的进展公告
AN202505261679592017	2025-05-26	波长光电:投资者关系活动记录表
AN202505211676694621	2025-05-21	波长光电:投资者关系活动记录表
AN202505161673919117	2025-05-16	波长光电:江苏世纪同仁律师事务所关于南京波长光电科技股份有限公司2024年年度股东大会的法律意见书
AN202505161673919118	2025-05-16	波长光电:2024年年度股东大会决议公告
AN202504301665055785	2025-04-30	波长光电:华泰联合证券有限责任公司关于南京波长光电科技股份有限公司2024年年度跟踪报告
AN202504291664609970	2025-04-29	波长光电:投资者关系活动记录表
AN202504281663964069	2025-04-28	波长光电:2025年第二次临时股东大会决议公告
AN202504281663964065	2025-04-28	波长光电:江苏世纪同仁律师事务所关于南京波长光电科技股份有限公司2025年第二次临时股东大会的法律意见书
AN202504241661689000	2025-04-25	波长光电:独立董事2024年度述职报告(葛军)
AN202504241661689006	2025-04-25	波长光电:独立董事2024年度述职报告(季学庆)
AN202504241661689008	2025-04-25	波长光电:独立董事2024年度述职报告(毛磊)
AN202504241661688986	2025-04-25	波长光电:华泰联合证券有限责任公司关于南京波长光电科技股份有限公司2024年度内部控制评价报告的核查意见
AN202504241661688997	2025-04-25	波长光电:关于南京波长光电科技股份有限公司控股股东及其他关联方资金占用情况的专项说明(2024年度)
AN202504241661689016	2025-04-25	波长光电:华泰联合证券有限责任公司关于南京波长光电科技股份有限公司使用闲置募集资金进行现金管理及使用自有资金开展委托理财的核查意见
AN202504241661688982	2025-04-25	波长光电:华泰联合证券有限责任公司关于南京波长光电科技股份有限公司2024年度募集资金存放与使用情况的专项核查意见
AN202504241661689001	2025-04-25	波长光电:华泰联合证券有限责任公司关于南京波长光电科技股份有限公司为子公司提供担保额度预计的核查意见
AN202504241661688973	2025-04-25	波长光电:2024年年度审计报告
AN202504241661688991	2025-04-25	波长光电:南京波长光电科技股份有限公司内部控制审计报告(2024年度)
AN202504241661689019	2025-04-25	波长光电:董事会对独董独立性评估的专项意见
AN202504241661688976	2025-04-25	波长光电:关于2024年度计提资产减值及核销资产的公告
AN202504241661688999	2025-04-25	波长光电:2024年度监事会工作报告
AN202504241661688966	2025-04-25	波长光电:2024年度非经营性资金占用及其他关联资金往来情况汇总表
AN202504241661688979	2025-04-25	波长光电:关于举办2024年年度暨2025年一季度业绩说明会的公告
AN202504241661689009	2025-04-25	波长光电:董事会审计委员会对会计师事务所2024年度履职情况评估及履行监督职责情况报告
AN202504241661688971	2025-04-25	波长光电:2024年度内部控制评价报告
AN202504241661688993	2025-04-25	波长光电:2024年度董事会工作报告
AN202504241661688990	2025-04-25	波长光电:2024年度募集资金存放与使用情况的专项报告
AN202504241661689017	2025-04-25	波长光电:关于续聘公司2025年度审计机构的公告
AN202504241661689012	2025-04-25	波长光电:南京波长光电科技股份有限公司募集资金年度存放与使用情况鉴证报告(2024年度)
AN202504241661688987	2025-04-25	波长光电:关于提前归还用于暂时补充流动资金的闲置超募资金的公告
AN202504241661689007	2025-04-25	波长光电:监事会决议公告
AN202504241661688970	2025-04-25	波长光电:关于与专业投资机构设立产业基金合作协议终止的公告
AN202504241661688984	2025-04-25	波长光电:关于使用闲置募集资金进行现金管理及使用自有资金开展委托理财的公告
AN202504241661689020	2025-04-25	波长光电:关于会计政策变更的公告
AN202504241661688969	2025-04-25	波长光电:江苏世纪同仁律师事务所关于南京波长光电科技股份有限公司2024年限制性股票激励计划第一个归属期归属条件未成就及作废部分已授予但尚未归属的限制性股票的法律意见书
AN202504241661689024	2025-04-25	波长光电:监事会关于2024年限制性股票激励计划第一个归属期归属条件未成就及作废部分已授予但尚未归属的限制性股票的核查意见
AN202504241661689003	2025-04-25	波长光电:关于为子公司提供担保额度预计的公告
AN202504241661689002	2025-04-25	波长光电:关于2024年限制性股票激励计划第一个归属期归属条件未成就及作废部分已授予但尚未归属的限制性股票的公告
AN202504241661688977	2025-04-25	波长光电:关于召开2024年年度股东大会的通知
AN202504241661688998	2025-04-25	波长光电:董事会决议公告
AN202504241661689005	2025-04-25	波长光电:2025年一季度报告
AN202504241661688978	2025-04-25	波长光电:2024年度利润分配预案公告
AN202504241661689029	2025-04-25	波长光电:2024年年度报告
AN202504241661688995	2025-04-25	波长光电:关于公司2025年中期分红安排的公告
AN202504241661688994	2025-04-25	波长光电:2024年年度报告摘要
AN202504111654847048	2025-04-12	波长光电:华泰联合证券有限责任公司关于南京波长光电科技股份有限公司使用部分超募资金永久补充流动资金的核查意见
AN202504111654847040	2025-04-12	波长光电:第四届监事会第十五次会议决议公告
AN202504111654847033	2025-04-12	波长光电:第四届董事会第十六次会议决议公告
AN202504111654847034	2025-04-12	波长光电:关于使用部分超募资金永久补充流动资金的公告
AN202504111654847042	2025-04-12	波长光电:关于召开2025年第二次临时股东大会的通知
AN202504081653315252	2025-04-08	波长光电:关于部分董事股份减持计划期限届满未减持的公告
AN202503141644374067	2025-03-14	波长光电:江苏世纪同仁律师事务所关于南京波长光电科技股份有限公司2025年第一次临时股东大会的法律意见书
AN202503141644374068	2025-03-14	波长光电:2025年第一次临时股东大会决议公告
AN202502261643526327	2025-02-27	波长光电:第四届董事会第十五次会议决议公告
AN202502261643526330	2025-02-27	波长光电:华泰联合证券有限责任公司关于南京波长光电科技股份有限公司使用部分闲置超募资金暂时补充流动资金的核查意见
AN202502261643526322	2025-02-27	波长光电:第四届监事会第十四次会议决议公告
AN202502261643526320	2025-02-27	波长光电:关于使用部分闲置超募资金暂时补充流动资金的公告
AN202502261643526324	2025-02-27	波长光电:关于召开2025年第一次临时股东大会的通知
AN202502261643526313	2025-02-27	波长光电:关于续聘公司2024年度审计机构的公告
AN202501061641827113	2025-01-06	波长光电:投资者关系活动记录表
AN202412241641413372	2024-12-24	波长光电:关于注销部分募集资金专户的公告
AN202412191641364368	2024-12-19	波长光电:华泰联合证券有限责任公司关于南京波长光电科技股份有限公司持续督导期2024年培训情况报告
AN202412191641364366	2024-12-19	波长光电:华泰联合证券有限责任公司关于南京波长光电科技股份有限公司2024年现场检查报告
AN202412161641317671	2024-12-16	波长光电:关于完成非独立董事补选的公告
AN202412161641317665	2024-12-16	波长光电:2024年第四次临时股东大会决议公告
AN202412161641317670	2024-12-16	波长光电:江苏世纪同仁律师事务所关于南京波长光电科技股份有限公司2024年第四次临时股东大会的法律意见书
AN202412121641283038	2024-12-12	波长光电:关于部分董事减持股份的预披露公告
AN202411251641052570	2024-11-26	波长光电:第四届监事会第十三次会议决议公告
AN202411251641052566	2024-11-26	波长光电:华泰联合证券有限责任公司关于南京波长光电科技股份有限公司部分募投项目结项并将节余募集资金永久补充流动资金的核查意见
AN202411251641052569	2024-11-26	波长光电:第四届董事会第十四次会议决议公告
AN202411251641052578	2024-11-26	波长光电:关于公司部分募投项目结项并将节余募集资金永久补充流动资金的公告
AN202411251641052584	2024-11-26	波长光电:关于补选非独立董事的公告
AN202411251641052571	2024-11-26	波长光电:关于召开2024年第四次临时股东大会的通知
AN202411151640905137	2024-11-15	波长光电:投资者关系活动记录表
AN202410311640629336	2024-10-31	波长光电:投资者关系活动记录表
AN202410291640574329	2024-10-30	波长光电:关于签订募集资金四方监管协议的公告
AN202410291640574294	2024-10-30	波长光电:关于非独立董事离任公告
AN202410291640574347	2024-10-30	波长光电:2024年三季度报告
AN202410141640290871	2024-10-14	波长光电:关于部分募集资金投资项目增加实施主体、实施地点并延期的公告
AN202410141640290884	2024-10-14	波长光电:江苏世纪同仁律师事务所关于南京波长光电科技股份有限公司2024年限制性股票激励计划预留部分授予事项的法律意见书
AN202410141640290867	2024-10-14	波长光电:华泰联合证券有限责任公司关于南京波长光电科技股份有限公司部分募集资金投资项目增加实施主体、实施地点并延期的核查意见
AN202410141640290873	2024-10-14	波长光电:关于向2024年限制性股票激励计划激励对象授予预留限制性股票的公告
AN202410141640290889	2024-10-14	波长光电:2024年限制性股票激励计划预留部分授予激励对象名单(授予日)
AN202410141640290869	2024-10-14	波长光电:第四届董事会第十二次会议决议公告
AN202410141640290890	2024-10-14	波长光电:第四届监事会第十一次会议决议公告
AN202410141640290875	2024-10-14	波长光电:监事会关于公司2024年限制性股票激励计划预留部分授予激励对象名单(授予日)的核查意见
AN202410081640197176	2024-10-08	波长光电:2024年半年度权益分派实施公告
AN202409011639679147	2024-09-01	波长光电:投资者关系活动记录表
AN202408211639386363	2024-08-21	波长光电:投资者关系活动记录表
AN202408201639359409	2024-08-21	波长光电:华泰联合证券有限责任公司关于南京波长光电科技股份有限公司部分首次公开发行前已发行股份上市流通的核查意见
AN202408201639359415	2024-08-21	波长光电:部分首次公开发行前已发行股份上市流通的提示性公告
AN202408191639341463	2024-08-20	波长光电:董事会决议公告
AN202408191639341343	2024-08-20	波长光电:2024年半年度报告
AN202408191639341325	2024-08-20	波长光电:监事会决议公告
AN202408191639341352	2024-08-20	波长光电:2024年半年度非经营性资金占用及其他关联资金往来情况汇总表
AN202408191639341332	2024-08-20	波长光电:华泰联合证券有限责任公司关于南京波长光电科技股份有限公司2024年半年度跟踪报告
AN202408191639341349	2024-08-20	波长光电:2024年半年度利润分配预案的公告
AN202408191639341460	2024-08-20	波长光电:2024年半年度募集资金存放与使用情况的专项报告
AN202408191639341338	2024-08-20	波长光电:会计师事务所选聘制度
AN202408191639341329	2024-08-20	波长光电:关于制定公司《会计师事务所选聘制度》的公告
AN202408191639341457	2024-08-20	波长光电:关于使用自有外汇支付募投项目款项并以募集资金等额置换的公告
AN202408191639341351	2024-08-20	波长光电:华泰联合证券有限责任公司关于南京波长光电科技股份有限公司使用自有外汇支付募投项目款项并以募集资金等额置换的核查意见
AN202408191639341326	2024-08-20	波长光电:2024年半年度报告摘要
AN202407301638477670	2024-07-30	波长光电:关于签订募集资金专户存储三方监管协议之补充协议的公告
AN202407221638188416	2024-07-22	波长光电:江苏世纪同仁律师事务所关于南京波长光电科技股份有限公司2024年第三次临时股东大会的法律意见书
AN202407221638188417	2024-07-22	波长光电:2024年第三次临时股东大会决议公告
AN202407171638002263	2024-07-17	波长光电:关于注销部分募集资金专户的公告
AN202407041637559200	2024-07-05	波长光电:华泰联合证券有限责任公司关于南京波长光电科技股份有限公司部分募集资金投资项目增加建设内容、延期并使用超募资金追加投入的核查意见
AN202407041637559199	2024-07-05	波长光电:第四届监事会第九次会议决议公告
AN202407041637559198	2024-07-05	波长光电:第四届董事会第十次会议决议公告
AN202407041637559197	2024-07-05	波长光电:关于部分募集资金投资项目增加建设内容、延期并使用超募资金追加投入的公告
AN202407041637559196	2024-07-05	波长光电:关于召开2024年第三次临时股东大会的通知
AN202406171636488346	2024-06-17	波长光电:江苏世纪同仁律师事务所关于南京波长光电科技股份有限公司2024年限制性股票激励计划调整及首次授予相关事项的法律意见书
AN202406171636488342	2024-06-17	波长光电:监事会关于公司2024年限制性股票激励计划首次授予激励对象名单(授予日)的核查意见
AN202406171636488339	2024-06-17	波长光电:第四届监事会第八次会议决议公告
AN202406171636488336	2024-06-17	波长光电:2024年限制性股票激励计划首次授予激励对象名单(授予日)
AN202406171636488335	2024-06-17	波长光电:第四届董事会第九次会议决议公告
AN202406171636488338	2024-06-17	波长光电:关于调整2024年限制性股票激励计划相关事项的公告
AN202406171636488334	2024-06-17	波长光电:关于向2024年限制性股票激励计划激励对象首次授予限制性股票的公告
AN202405301634924446	2024-05-30	波长光电:投资者关系活动记录表
AN202405231634389016	2024-05-23	波长光电:2023年年度权益分派实施公告
AN202405171633688691	2024-05-17	波长光电:投资者关系活动记录表
AN202405151633181183	2024-05-15	波长光电:江苏世纪同仁律师事务所关于南京波长光电科技股份有限公司2023年年度股东大会的法律意见书
AN202405151633181107	2024-05-15	波长光电:2023年度股东大会决议公告
AN202405071632549913	2024-05-06	波长光电:投资者关系活动记录表
AN202404301631923362	2024-04-30	波长光电:关于重新签订募集资金三方监管协议并开立现金管理专用结算账户的公告
AN202404281631541241	2024-04-29	波长光电:关于举行2023年度业绩说明会的公告
AN202404281631525658	2024-04-29	波长光电:2024年一季度报告
AN202404261631404056	2024-04-26	波长光电:江苏世纪同仁律师事务所关于南京波长光电科技股份有限公司2024年第二次临时股东大会的法律意见书
AN202404261631404057	2024-04-26	波长光电:关于2024年限制性股票激励计划内幕信息知情人买卖公司股票的自查报告
AN202404261631404055	2024-04-26	波长光电:2024年第二次临时股东大会决议公告
AN202404221630988635	2024-04-23	波长光电:2023年年度审计报告
AN202404221630988634	2024-04-23	波长光电:2023年度内部控制评价报告
AN202404221630988619	2024-04-23	波长光电:董事会决议公告
AN202404221630988632	2024-04-23	波长光电:华泰联合证券有限责任公司关于南京波长光电科技股份有限公司2023年度募集资金存放与使用情况的专项核查意见
AN202404221630988614	2024-04-23	波长光电:独立董事2023年度述职报告(毛磊)
AN202404221630988627	2024-04-23	波长光电:独立董事2023年度述职报告(葛军)
AN202404221630988612	2024-04-23	波长光电:2023年度董事会工作报告
AN202404221630988625	2024-04-23	波长光电:2023年度募集资金存放与使用情况的专项报告
AN202404221630988611	2024-04-23	波长光电:独立董事2023年度述职报告(季学庆)
AN202404221630988639	2024-04-23	波长光电:华泰联合证券有限责任公司关于南京波长光电科技股份有限公司向银行申请综合授信额度暨接受关联担保的核查意见
AN202404221630988638	2024-04-23	波长光电:华泰联合证券有限责任公司关于南京波长光电科技股份有限公司2023年度内部控制评价报告的核查意见
AN202404221630988630	2024-04-23	波长光电:华泰联合证券有限责任公司关于南京波长光电科技股份有限公司使用闲置募集资金进行现金管理及使用自有资金开展委托理财的核查意见
AN202404221630988628	2024-04-23	波长光电:华泰联合证券有限责任公司关于南京波长光电科技股份有限公司为子公司提供担保额度预计的核查意见
AN202404221630988623	2024-04-23	波长光电:南京波长光电科技股份有限公司募集资金年度存放与使用情况鉴证报告
AN202404221630988616	2024-04-23	波长光电:关于南京波长光电科技股份有限公司控股股东及其他关联方资金占用情况的专项说明
AN202404221630988615	2024-04-23	波长光电:华泰联合证券有限责任公司关于南京波长光电科技股份有限公司2023年年度跟踪报告
AN202404221630988636	2024-04-23	波长光电:董事会对独董独立性评估的专项意见
AN202404221630988622	2024-04-23	波长光电:2023年度非经营性资金占用及其他关联资金往来情况汇总表
AN202404221630988621	2024-04-23	波长光电:董事会审计委员会对会计师事务所2023年度履职情况评估及履行监督职责情况报告
AN202404221630988620	2024-04-23	波长光电:2023年度监事会工作报告
AN202404221630988618	2024-04-23	波长光电:关于开展票据池业务的公告
AN202404221630988640	2024-04-23	波长光电:关于向银行申请综合授信额度暨接受关联担保的公告
AN202404221630988631	2024-04-23	波长光电:关于会计政策变更的公告
AN202404221630988629	2024-04-23	波长光电:监事会决议公告
AN202404221630988626	2024-04-23	波长光电:关于为子公司提供担保额度预计的公告
AN202404221630988617	2024-04-23	波长光电:监事会关于公司2024年限制性股票激励计划首次授予激励对象名单的核查意见及公示情况说明
AN202404221630988613	2024-04-23	波长光电:关于使用闲置募集资金进行现金管理及使用自有资金开展委托理财的公告
AN202404221630988624	2024-04-23	波长光电:关于召开2023年度股东大会的通知
AN202404221630988637	2024-04-23	波长光电:2023年度利润分配预案公告
AN202404221630988633	2024-04-23	波长光电:2023年年度报告
AN202404221630988610	2024-04-23	波长光电:2023年年度报告摘要
AN202404081630059544	2024-04-09	波长光电:关于召开2024年第二次临时股东大会的通知
AN202404081630059543	2024-04-09	波长光电:华泰联合证券有限责任公司关于南京波长光电科技股份有限公司变更部分募集资金专户的核查意见
AN202404081630059546	2024-04-09	波长光电:2024年限制性股票激励计划(草案)
AN202404081630059542	2024-04-09	波长光电:2024年限制性股票激励计划首次授予激励对象名单
AN202404081630059535	2024-04-09	波长光电:江苏世纪同仁律师事务所关于南京波长光电科技股份有限公司2024年限制性股票激励计划(草案)的法律意见书
AN202404081630059534	2024-04-09	波长光电:股权激励计划草案自查表
AN202404081630059536	2024-04-09	波长光电:关于拟与专业投资机构签订合作协议设立产业基金暨关联交易的公告
AN202404081630059538	2024-04-09	波长光电:第四届董事会第六次会议决议公告
AN202404081630059540	2024-04-09	波长光电:关于变更部分募集资金专户的公告
AN202404081630059539	2024-04-09	波长光电:2024年限制性股票激励计划实施考核管理办法
AN202404081630059537	2024-04-09	波长光电:关于独立董事公开征集委托投票权的公告
AN202404081630059541	2024-04-09	波长光电:第四届监事会第五次会议决议公告
AN202404081630059545	2024-04-09	波长光电:华泰联合证券有限责任公司关于南京波长光电科技股份有限公司拟与专业投资机构签订合作协议设立产业基金暨关联交易的核查意见
AN202404081630059547	2024-04-09	波长光电:2024年限制性股票激励计划(草案)摘要
AN202402201622415256	2024-02-20	波长光电:华泰联合证券有限责任公司关于南京波长光电科技股份有限公司首次公开发行网下配售限售股上市流通事项的核查意见
AN202402201622415257	2024-02-20	波长光电:关于首次公开发行网下配售限售股上市流通的提示性公告
AN202401221617892467	2024-01-22	波长光电:投资者关系活动记录表
AN202401121617324172	2024-01-12	波长光电:2024年第一次临时股东大会决议公告
AN202401121617324171	2024-01-12	波长光电:江苏世纪同仁律师事务所关于南京波长光电科技股份有限公司2024年第一次临时股东大会的法律意见书
AN202401111617254744	2024-01-11	波长光电:关于召开2024年第一次临时股东大会的提示性公告
AN202401081616767731	2024-01-08	波长光电:华泰联合证券有限责任公司关于南京波长光电科技股份有限公司2023年现场检查报告
AN202401081616767730	2024-01-08	波长光电:华泰联合证券有限责任公司关于南京波长光电科技股份有限公司持续督导期2023年培训情况报告
AN202312261614911065	2023-12-27	波长光电:内幕信息知情人登记管理制度(2023年12月)
AN202312261614911029	2023-12-27	波长光电:关联交易管理制度(2023年12月)
AN202312261614911064	2023-12-27	波长光电:累积投票制度实施细则(2023年12月)
AN202312261614911034	2023-12-27	波长光电:信息披露管理制度(2023年12月)
AN202312261614911027	2023-12-27	波长光电:总经理工作细则(2023年12月)
AN202312261614911063	2023-12-27	波长光电:防范控股股东及其他关联方资金占用制度(2023年12月)
AN202312261614911026	2023-12-27	波长光电:对外投资管理办法(2023年12月)
AN202312261614911060	2023-12-27	波长光电:投资者关系管理制度(2023年12月)
AN202312261614911025	2023-12-27	波长光电:董事会秘书工作规则(2023年12月)
AN202312261614911024	2023-12-27	波长光电:募集资金管理制度(2023年12月)
AN202312261614911059	2023-12-27	波长光电:委托理财管理制度(2023年12月)
AN202312261614911037	2023-12-27	波长光电:对外提供财务资助管理制度(2023年12月)
AN202312261614911028	2023-12-27	波长光电:董事会提名委员会工作细则(2023年12月)
AN202312261614911068	2023-12-27	波长光电:董事会战略委员会工作细则(2023年12月)
AN202312261614911061	2023-12-27	波长光电:董事会议事规则(2023年12月)
AN202312261614911067	2023-12-27	波长光电:董事会审计委员会工作细则(2023年12月)
AN202312261614911032	2023-12-27	波长光电:董事会薪酬与考核委员会工作细则(2023年12月)
AN202312261614911062	2023-12-27	波长光电:公司章程(2023年12月)
AN202312261614911021	2023-12-27	波长光电:关于聘任证券事务代表的公告
AN202312261614911058	2023-12-27	波长光电:第四届监事会第四次会议决议公告
AN202312261614911070	2023-12-27	波长光电:第四届董事会第五次会议决议公告
AN202312261614911035	2023-12-27	波长光电:关于修订、制定公司部分内部治理制度的公告
AN202312261614911022	2023-12-27	波长光电:关于修订《公司章程》并办理工商备案登记的公告
AN202312261614910935	2023-12-27	波长光电:对外担保管理办法(2023年12月)
AN202312261614910953	2023-12-27	波长光电:独立董事工作制度(2023年12月)
AN202312261614910954	2023-12-27	波长光电:股东大会议事规则(2023年12月)
AN202312261614910933	2023-12-27	波长光电:监事会议事规则(2023年12月)
AN202312261614910952	2023-12-27	波长光电:关于召开2024年第一次临时股东大会的通知
AN202312151614258867	2023-12-15	波长光电:投资者关系活动记录表
AN202311131609919427	2023-11-13	波长光电:投资者关系活动记录表
AN202311061609031186	2023-11-06	波长光电:关于完成工商变更登记并换发营业执照的公告
AN202311011607706001	2023-11-01	波长光电:投资者关系活动记录表
AN202310241602916231	2023-10-25	波长光电:2023年三季度报告
AN202310191602096293	2023-10-19	波长光电:江苏世纪同仁律师事务所关于南京波长光电科技股份有限公司2023年第二次临时股东大会的法律意见书
AN202310191602096295	2023-10-19	波长光电:2023年第二次临时股东大会决议公告
AN202309281600194499	2023-09-29	波长光电:独立董事关于第四届董事会第三次会议相关事项的独立意见
AN202309281600194486	2023-09-29	波长光电:公司章程
AN202309281600194489	2023-09-29	波长光电:华泰联合证券有限责任公司关于南京波长光电科技股份有限公司使用闲置募集资金进行现金管理及使用自有资金开展委托理财的核查意见
AN202309281600194504	2023-09-29	波长光电:华泰联合证券有限责任公司关于南京波长光电科技股份有限公司使用承兑汇票支付募投项目部分款项并以募集资金等额置换的核查意见
AN202309281600194487	2023-09-29	波长光电:华泰联合证券有限责任公司关于南京波长光电科技股份有限公司使用募集资金置换预先投入募投项目及已支付发行费用的自筹资金的核查意见
AN202309281600194491	2023-09-29	波长光电:南京波长光电科技股份有限公司以募集资金置换预先投入募投项目资金及支付发行费用的专项鉴证报告
AN202309281600194492	2023-09-29	波长光电:关于使用承兑汇票支付募投项目部分款项并以募集资金等额置换的公告
AN202309281600194490	2023-09-29	波长光电:关于使用募集资金置换预先投入募投项目及已支付发行费用的自筹资金的公告
AN202309281600194495	2023-09-29	波长光电:关于使用闲置募集资金进行现金管理及使用自有资金开展委托理财的公告
AN202309281600194496	2023-09-29	波长光电:第四届监事会第二次会议决议公告
AN202309281600194501	2023-09-29	波长光电:关于变更公司注册资本、公司类型、修订《公司章程》并办理工商变更登记的公告
AN202309281600194503	2023-09-29	波长光电:关于召开2023年第二次临时股东大会的通知
AN202309281600194480	2023-09-29	波长光电:第四届董事会第三次会议决议公告
AN202309271600029821	2023-09-27	波长光电:投资者关系活动记录表
AN202309221599718118	2023-09-22	波长光电:301421波长光电调研活动信息20230922
AN202309151598729792	2023-09-15	波长光电:投资者关系活动记录表
AN202309141598483548	2023-09-15	波长光电:关于签订募集资金三方监管协议的公告
AN202308291596599639	2023-08-29	关于“C波长光电”盘中临时停牌的公告
AN202308241595688959	2023-08-24	关于“C波长光电”盘中临时停牌的公告
AN202308221595464521	2023-08-22	关于南京波长光电科技股份有限公司股票上市交易的公告
AN202308211595413930	2023-08-22	波长光电:江苏世纪同仁律师事务所关于公司首次公开发行股票并在创业板上市的法律意见书
AN202308211595413861	2023-08-22	波长光电:首次公开发行股票并在创业板上市之上市公告书提示性公告
AN202308211595413858	2023-08-22	波长光电:华泰联合证券有限责任公司关于公司首次公开发行股票并在创业板上市的上市保荐书
AN202308211595413860	2023-08-22	波长光电:首次公开发行股票并在创业板上市之上市公告书
AN202308171595021588	2023-08-18	波长光电:首次公开发行股票并在创业板上市招股说明书
AN202308171595021381	2023-08-18	波长光电:首次公开发行股票并在创业板上市发行结果公告
AN202308151594783324	2023-08-16	波长光电:首次公开发行股票并在创业板上市网下发行初步配售结果公告
AN202308151594783314	2023-08-16	波长光电:首次公开发行股票并在创业板上市网上摇号中签结果公告
AN202308141594376464	2023-08-15	波长光电:首次公开发行股票并在创业板上市网上申购情况及中签率公告
AN202308101593880277	2023-08-11	波长光电:首次公开发行股票并在创业板上市发行公告
AN202308101593880276	2023-08-11	波长光电:首次公开发行股票并在创业板上市投资风险特别公告
AN202308091593679121	2023-08-10	波长光电:首次公开发行股票并在创业板上市网上路演公告
AN202308011593037042	2023-08-02	波长光电:董事会有关本次发行并上市的决议
AN202308011593037047	2023-08-02	波长光电:股东大会有关本次发行并上市的决议
