2026-10-01 00:00:00	AN202609301830053418	康希诺:股票交易异常波动公告
2026-09-17 00:00:00	AN202609161829464878	康希诺:北京市竞天公诚律师事务所关于康希诺生物股份公司2025年A股限制性股票激励计划部分预留授予相关事项的法律意见书
2026-09-17 00:00:00	AN202609161829464879	康希诺:2025年A股限制性股票激励计划预留授予激励对象名单(截至预留授予日)
2026-09-17 00:00:00	AN202609161829464881	康希诺:董事会薪酬与考核委员会关于2025年A股限制性股票激励计划预留授予激励对象名单的核查意见(截至预留授予日)
2026-09-17 00:00:00	AN202609161829464880	康希诺:关于向2025年A股限制性股票激励计划激励对象授予部分预留限制性股票的公告
2026-09-05 00:00:00	AN202609041829015781	康希诺:关于参加科创板2026年半年度生物制品及CXO行业集体业绩说明会的公告
2026-09-04 00:00:00	AN202609031828961598	康希诺:康希诺H股公告
2026-09-03 00:00:00	AN202609031828963647	康希诺:2026年8月投资者关系活动记录表
2026-08-28 00:00:00	AN202608271828549753	康希诺:关于使用暂时闲置募集资金进行现金管理的公告
2026-08-28 00:00:00	AN202608271828549756	康希诺:关于2026年半年度计提预期信用损失准备、资产减值准备及减记部分递延所得税资产的公告
2026-08-28 00:00:00	AN202608271828549754	康希诺:中信证券股份有限公司关于康希诺生物股份公司使用暂时闲置募集资金进行现金管理的核查意见
2026-08-28 00:00:00	AN202608271828549752	康希诺:2026年半年度报告
2026-08-28 00:00:00	AN202608271828549757	康希诺:2026年半年度报告摘要
2026-08-28 00:00:00	AN202608271828549758	康希诺:2026年半年度募集资金存放、管理与实际使用情况的专项报告
2026-08-28 00:00:00	AN202608271828549755	康希诺:关于公司2026年度提质增效重回报专项行动方案的半年度评估报告
2026-08-27 00:00:00	AN202608261828490221	康希诺:康希诺H股公告
2026-08-26 00:00:00	AN202608251828408971	康希诺:关于参加2026年天津辖区上市公司投资者网上集体接待日暨半年报业绩说明会的公告
2026-08-22 00:00:00	AN202608211828275515	康希诺:股票交易异常波动公告
2026-08-21 00:00:00	AN202608201828211369	康希诺:关于吸附破伤风疫苗获得药品注册证书的公告
2026-08-17 00:00:00	AN202608161828028918	康希诺:自愿披露关于吸附无细胞百(五组分)白破联合疫苗(6岁及以上人群用)药品注册申请获得受理的公告
2026-08-15 00:00:00	AN202608141827986662	康希诺:康希诺H股公告
2026-08-05 00:00:00	AN202608041827622016	康希诺:康希诺H股公告
2026-08-04 00:00:00	AN202608041827622719	康希诺:2026年7月投资者关系活动记录表
2026-07-20 00:00:00	AN202607191827109902	康希诺:自愿披露关于ACYW135群脑膜炎球菌多糖结合疫苗(CRM197载体)药品补充申请获得受理的公告
2026-07-04 00:00:00	AN202607031826697304	康希诺:康希诺H股公告
2026-07-03 00:00:00	AN202607031826698937	康希诺:2026年6月投资者关系活动记录表
2026-06-26 00:00:00	AN202606251823850154	康希诺:自愿披露关于ACYW135群脑膜炎球菌多糖结合疫苗(CRM197载体)获得阿根廷注册证书的公告
2026-06-11 00:00:00	AN202606101823430521	康希诺:2025年年度股东会决议公告
2026-06-11 00:00:00	AN202606101823430520	康希诺:北京市竞天公诚律师事务所关于康希诺生物股份公司2025年年度股东会的法律意见书
2026-06-03 00:00:00	AN202606021823166314	康希诺:康希诺H股公告(证券变动月报表)
2026-06-02 00:00:00	AN202606021823162323	康希诺:2026年5月投资者关系活动记录表
2026-05-26 00:00:00	AN202605251822853481	康希诺:自愿披露关于24价肺炎球菌多糖结合疫苗(CRM197/破伤风类毒素)启动I/II期临床试验并完成首例受试者入组的公告
2026-05-20 00:00:00	AN202605191822451500	康希诺:2025年年度股东会会议资料
2026-05-20 00:00:00	AN202605191822443140	康希诺:关于2025年年度股东会变更会议地址的公告
2026-05-12 00:00:00	AN202605111822157498	康希诺:自愿披露关于吸附无细胞百(五组分)白破联合疫苗(6岁及以上人群用)正式纳入优先审评品种的公告
2026-05-07 00:00:00	AN202605061821995163	康希诺:康希诺H股公告(证券变动月报表)
2026-05-06 00:00:00	AN202605061821989196	康希诺:2026年4月投资者关系活动记录表
2026-05-01 00:00:00	AN202604301821833940	康希诺:关于参加十五五·科创惠民——科创板企业成果转化与民生赋能之2025年度生物制品行业集体业绩说明会暨2026年第一季度业绩说明会的公告
2026-04-29 00:00:00	AN202604281821668737	康希诺:董事、高级管理人员薪酬管理制度
2026-04-29 00:00:00	AN202604281821668743	康希诺:董事会议事规则(2026年4月)
2026-04-29 00:00:00	AN202604281821668741	康希诺:关于2026年第一季度计提预期信用损失准备、资产减值准备及减记部分递延所得税资产的公告
2026-04-29 00:00:00	AN202604281821668734	康希诺:公司章程(2026年4月)
2026-04-29 00:00:00	AN202604281821668740	康希诺:关于召开2025年年度股东会的通知
2026-04-29 00:00:00	AN202604281821668742	康希诺:股东会议事规则(2026年4月)
2026-04-29 00:00:00	AN202604281821668736	康希诺:2026年第一季度报告
2026-04-29 00:00:00	AN202604281821668735	康希诺:关于修订《公司章程》及其附件并制定《董事、高级管理人员薪酬管理制度》的公告
2026-04-17 00:00:00	AN202604161821262723	康希诺:康希诺H股公告(董事會會議通告)
2026-04-13 00:00:00	AN202604121821140304	康希诺:关于婴幼儿用吸附无细胞百(三组分)白破联合疫苗获得药品注册证书的公告
2026-04-03 00:00:00	AN202604031821013754	康希诺:2026年3月投资者关系活动记录表
2026-04-03 00:00:00	AN202604021820984627	康希诺:康希诺H股公告(证券变动月报表)
2026-03-31 00:00:00	AN202603301820879280	康希诺:2025年度审计报告
2026-03-31 00:00:00	AN202603301820879292	康希诺:2025年度营业收入扣除情况的专项报告
2026-03-31 00:00:00	AN202603301820879287	康希诺:内部控制审计报告
2026-03-31 00:00:00	AN202603301820879297	康希诺:关于募集资金存放与使用情况的专项报告及审核报告
2026-03-31 00:00:00	AN202603301820879294	康希诺:控股股东、实际控制人及其他关联方资金占用情况的专项说明
2026-03-31 00:00:00	AN202603301820879285	康希诺:独立董事2025年度述职报告(纪雪峰)
2026-03-31 00:00:00	AN202603301820879290	康希诺:中信证券股份有限公司关于康希诺生物股份公司部分募集资金投资项目延期的核查意见
2026-03-31 00:00:00	AN202603301820879289	康希诺:中信证券股份有限公司关于康希诺生物股份公司2025年度募集资金存放、管理与实际使用情况的专项报告的核查意见
2026-03-31 00:00:00	AN202603301820879309	康希诺:审计委员会对2025年度会计师事务所履行监督职责情况报告
2026-03-31 00:00:00	AN202603301820879301	康希诺:董事会审计委员会2025年度履职报告
2026-03-31 00:00:00	AN202603301820879305	康希诺:关于部分募集资金投资项目延期的公告
2026-03-31 00:00:00	AN202603301820879291	康希诺:2026年度“提质增效重回报”行动方案
2026-03-31 00:00:00	AN202603301820879306	康希诺:关于开展外汇套期保值业务的公告
2026-03-31 00:00:00	AN202603301820879308	康希诺:关于2025年度利润分配方案的公告
2026-03-31 00:00:00	AN202603301820879286	康希诺:2025年环境、社会及管治(ESG)暨可持续发展报告摘要
2026-03-31 00:00:00	AN202603301820879307	康希诺:独立董事2025年度述职报告(左敏)
2026-03-31 00:00:00	AN202603301820879281	康希诺:关于续聘会计师事务所的公告
2026-03-31 00:00:00	AN202603301820879293	康希诺:未来三年(2026年-2028年)股东分红回报规划
2026-03-31 00:00:00	AN202603301820879295	康希诺:关于使用闲置自有资金进行现金管理的公告
2026-03-31 00:00:00	AN202603301820879303	康希诺:董事会关于独立董事独立性自查情况的专项报告
2026-03-31 00:00:00	AN202603301820879296	康希诺:关于提请股东会授权董事会以简易程序向特定对象发行股票的公告
2026-03-31 00:00:00	AN202603301820879277	康希诺:关于2026年度对外担保预计的公告
2026-03-31 00:00:00	AN202603301820879304	康希诺:关于2025年度计提预期信用损失准备及资产减值准备的公告
2026-03-31 00:00:00	AN202603301820879278	康希诺:第三届董事会第十次会议决议公告
2026-03-31 00:00:00	AN202603301820879302	康希诺:2025年环境、社会及管治(ESG)暨可持续发展报告
2026-03-31 00:00:00	AN202603301820879284	康希诺:2025年年度报告
2026-03-31 00:00:00	AN202603301820879276	康希诺:2025年年度报告摘要
2026-03-31 00:00:00	AN202603301820879283	康希诺:独立董事2025年度述职报告(刘建忠)
2026-03-31 00:00:00	AN202603301820879282	康希诺:2025年度会计师事务所履职情况评估报告
2026-03-31 00:00:00	AN202603301820879298	康希诺:独立董事2025年度述职报告(张耀樑)
2026-03-31 00:00:00	AN202603301820879288	康希诺:关于2023年A股员工持股计划存续期展期的公告
2026-03-31 00:00:00	AN202603301820879300	康希诺:2025年度内部控制评价报告
2026-03-31 00:00:00	AN202603301820879279	康希诺:2025年度募集资金存放、管理与实际使用情况的专项报告
2026-03-31 00:00:00	AN202603301820879299	康希诺:独立董事2025年度述职报告(桂水发)
2026-03-18 00:00:00	AN202603171820598701	康希诺:康希诺H股公告(董事会会议通告)
2026-03-06 00:00:00	AN202603051820301859	康希诺:自愿披露关于公司获得PIC/SGMP认证的公告
2026-03-03 00:00:00	AN202603021820189473	康希诺:康希诺H股公告(证券变动月报表)
2026-02-27 00:00:00	AN202602261820061839	康希诺:2025年度业绩快报公告
2026-02-25 00:00:00	AN202602241819994458	康希诺:关于ACYW135群脑膜炎球菌多糖结合疫苗(CRM197载体)获得补充申请批准通知书的公告
2026-02-05 00:00:00	AN202602041819775401	康希诺:康希诺H股公告(证券变动月报表)
2026-02-04 00:00:00	AN202602041819770901	康希诺:2026年1月投资者关系活动记录表
2026-01-28 00:00:00	AN202601271818464521	康希诺:2025年年度业绩预告公告
2026-01-06 00:00:00	AN202601061816109580	康希诺:2025年12月投资者关系活动记录表
2026-01-06 00:00:00	AN202601051815412323	康希诺:康希诺H股公告(證券變動月報表)
2026-01-06 00:00:00	AN202601051815385459	康希诺:关于24价肺炎球菌多糖结合疫苗(CRM197/破伤风类毒素)获得药物临床试验批准通知书的公告
2025-12-20 00:00:00	AN202512191803791838	康希诺:自愿披露关于吸附无细胞百(组分)白破b型流感嗜血杆菌(结合)-ACYW135群脑膜炎球菌(结合)联合疫苗启动I期临床试验并完成首例受试者入组的公告
2025-12-04 00:00:00	AN202512031793189426	康希诺:康希诺H股公告(證券變動月報表)
2025-12-03 00:00:00	AN202512031793179334	康希诺:2025年11月投资者关系活动记录表
2025-11-28 00:00:00	AN202511271789399731	康希诺:北京市竞天公诚律师事务所关于康希诺生物股份公司2025年第二次临时股东大会的法律意见书
2025-11-28 00:00:00	AN202511271789399733	康希诺:关于使用公积金弥补亏损通知债权人的公告
2025-11-28 00:00:00	AN202511271789399730	康希诺:关于调整第三届董事会专门委员会成员的公告
2025-11-28 00:00:00	AN202511271789399732	康希诺:2025年第二次临时股东大会决议公告
2025-11-28 00:00:00	AN202511271789395670	康希诺:康希诺H股公告(翌日披露报表)
2025-11-27 00:00:00	AN202511261788719094	康希诺:关于回购A股股份注销实施的公告
2025-11-14 00:00:00	AN202511131780578343	康希诺:自愿披露关于吸入用肺结核疫苗(5型腺病毒载体)于印度尼西亚启动I期临床试验并完成首例受试者入组的公告
2025-11-12 00:00:00	AN202511111779324232	康希诺:2025年第二次临时股东大会会议资料
2025-11-08 00:00:00	AN202511071776878123	康希诺:关于使用公积金弥补亏损的公告
2025-11-08 00:00:00	AN202511071776878122	康希诺:关于召开2025年第三季度业绩说明会的公告
2025-11-08 00:00:00	AN202511071776878124	康希诺:关于2025年第二次临时股东大会增加临时提案的公告
2025-11-07 00:00:00	AN202511061776271975	康希诺:康希诺H股公告(股份發行人及根據《上市規則》第十九B章上市的香港預託證券發行人的證券變動月報表)
2025-11-06 00:00:00	AN202511061776289310	康希诺:2025年10月投资者关系活动记录表
2025-10-28 00:00:00	AN202510271770033555	康希诺:第三届监事会第十次会议决议公告
2025-10-28 00:00:00	AN202510271770033543	康希诺:上海荣正企业咨询服务(集团)股份有限公司关于康希诺生物股份公司2025年A股限制性股票激励计划首次授予相关事项之独立财务顾问报告
2025-10-28 00:00:00	AN202510271770034266	康希诺:董事会秘书工作制度(2025年10月)
2025-10-28 00:00:00	AN202510271770033538	康希诺:独立董事候选人声明与承诺-纪雪峰
2025-10-28 00:00:00	AN202510271770034264	康希诺:信息披露暂缓与豁免管理制度(2025年10月)
2025-10-28 00:00:00	AN202510271770033551	康希诺:关于调整2025年A股限制性股票激励计划相关事项的公告
2025-10-28 00:00:00	AN202510271770033537	康希诺:内幕信息知情人登记管理制度(2025年10月)
2025-10-28 00:00:00	AN202510271770033550	康希诺:独立董事提名人声明与承诺-纪雪峰
2025-10-28 00:00:00	AN202510271770034268	康希诺:内部控制评价制度(2025年10月)
2025-10-28 00:00:00	AN202510271770033553	康希诺:内部审计管理制度(2025年10月)
2025-10-28 00:00:00	AN202510271770033540	康希诺:募集资金管理制度(2025年10月)
2025-10-28 00:00:00	AN202510271770033556	康希诺:董事会议事规则(2025年10月)
2025-10-28 00:00:00	AN202510271770033547	康希诺:监事会关于2025年A股限制性股票激励计划首次授予激励对象名单的核查意见(截至首次授予日)
2025-10-28 00:00:00	AN202510271770034260	康希诺:董事会审计委员会工作细则(2025年10月)
2025-10-28 00:00:00	AN202510271770033549	康希诺:2025年A股限制性股票激励计划首次授予激励对象名单(截至首次授予日)
2025-10-28 00:00:00	AN202510271770033548	康希诺:对外担保决策制度(2025年10月)
2025-10-28 00:00:00	AN202510271770034258	康希诺:董事会薪酬与考核委员会工作细则(2025年10月)
2025-10-28 00:00:00	AN202510271770034267	康希诺:投资者关系管理制度(2025年10月)
2025-10-28 00:00:00	AN202510271770033544	康希诺:关于独立非执行董事辞任并选举独立非执行董事的公告
2025-10-28 00:00:00	AN202510271770034259	康希诺:独立董事候选人声明与承诺-左敏
2025-10-28 00:00:00	AN202510271770034261	康希诺:独立董事提名人声明与承诺-左敏
2025-10-28 00:00:00	AN202510271770034270	康希诺:北京市竞天公诚律师事务所关于康希诺生物股份公司2025年A股限制性股票激励计划调整及首次授予事项的法律意见书
2025-10-28 00:00:00	AN202510271770033539	康希诺:独立非执行董事工作制度(2025年10月)
2025-10-28 00:00:00	AN202510271770033542	康希诺:2025年第三季度报告
2025-10-28 00:00:00	AN202510271770034265	康希诺:公司章程(2025年10月)
2025-10-28 00:00:00	AN202510271770034262	康希诺:信息披露管理制度(2025年10月)
2025-10-28 00:00:00	AN202510271770033536	康希诺:总经理工作细则(2025年10月)
2025-10-28 00:00:00	AN202510271770034269	康希诺:股东会议事规则(2025年10月)
2025-10-28 00:00:00	AN202510271770033552	康希诺:关于召开2025年第二次临时股东大会的通知
2025-10-28 00:00:00	AN202510271770034257	康希诺:关于向2025年A股限制性股票激励计划激励对象首次授予限制性股票的公告
2025-10-28 00:00:00	AN202510271770034263	康希诺:关于取消监事会、修订《公司章程》及其附件并办理工商变更登记的公告
2025-10-28 00:00:00	AN202510271770033541	康希诺:对外投资管理制度(2025年10月)
2025-10-28 00:00:00	AN202510271770033546	康希诺:董事会提名委员会工作细则(2025年10月)
2025-10-28 00:00:00	AN202510271770033545	康希诺:防范控股股东及关联方占用公司资金管理制度(2025年10月)
2025-10-28 00:00:00	AN202510271770033554	康希诺:关联交易管理制度(2025年10月)
2025-10-24 00:00:00	AN202510231767593634	康希诺:关于注销回购A股股份并减少注册资本暨通知债权人的公告
2025-10-24 00:00:00	AN202510231767593635	康希诺:关于2025年A股限制性股票激励计划内幕信息知情人及激励对象买卖公司股票情况的自查报告
2025-10-24 00:00:00	AN202510231767593636	康希诺:北京市竞天公诚律师事务所关于康希诺生物股份公司2025年第一次临时股东大会的法律意见书
2025-10-24 00:00:00	AN202510231767593637	康希诺:2025年第一次临时股东大会决议公告
2025-10-18 00:00:00	AN202510171763869919	康希诺:2025年第一次临时股东大会会议资料
2025-10-18 00:00:00	AN202510171763848967	康希诺:监事会关于公司2025年A股限制性股票激励计划首次授予激励对象名单的公示情况说明及核查意见
2025-10-16 00:00:00	AN202510151762641485	康希诺:康希诺H股公告(董事会会议通告)
2025-10-14 00:00:00	AN202510141762018599	康希诺:2025年9月投资者关系活动记录
2025-10-10 00:00:00	AN202510091758939632	康希诺:康希诺H股公告(证券变动月报表)
2025-09-27 00:00:00	AN202509261751053905	康希诺:监事会关于公司2025年A股限制性股票激励计划(草案)的核查意见
2025-09-27 00:00:00	AN202509261751053908	康希诺:2025年A股限制性股票激励计划首次授予激励对象名单
2025-09-27 00:00:00	AN202509261751053906	康希诺:关于注销回购A股股份并减少注册资本的公告
2025-09-27 00:00:00	AN202509261751053899	康希诺:第三届董事会第二次临时会议决议公告
2025-09-27 00:00:00	AN202509261751053900	康希诺:第三届监事会第九次会议决议公告
2025-09-27 00:00:00	AN202509261751053909	康希诺:上海荣正企业咨询服务(集团)股份有限公司关于康希诺生物股份公司2025年A股限制性股票激励计划(草案)之独立财务顾问报告
2025-09-27 00:00:00	AN202509261751053907	康希诺:北京市竞天公诚律师事务所关于康希诺生物股份公司2025年A股限制性股票激励计划(草案)的法律意见书
2025-09-27 00:00:00	AN202509261751053903	康希诺:2025年A股限制性股票激励计划(草案)摘要公告
2025-09-27 00:00:00	AN202509261751053901	康希诺:2025年H股购股权计划
2025-09-27 00:00:00	AN202509261751053910	康希诺:2025年A股限制性股票激励计划(草案)
2025-09-27 00:00:00	AN202509261751053904	康希诺:关于召开2025年第一次临时股东大会的通知
2025-09-27 00:00:00	AN202509261751053902	康希诺:2025年A股限制性股票激励计划实施考核管理办法
2025-09-03 00:00:00	AN202509021738075947	康希诺:康希诺H股公告
2025-09-03 00:00:00	AN202509021738069775	康希诺:关于参加2025年天津辖区上市公司投资者网上集体接待日暨半年报业绩说明会的公告
2025-09-02 00:00:00	AN202509021738074954	康希诺:2025年8月投资者关系活动记录表
2025-08-21 00:00:00	AN202508201731100369	康希诺:第三届监事会第八次会议决议公告
2025-08-21 00:00:00	AN202508201731100367	康希诺:2025年半年度报告
2025-08-21 00:00:00	AN202508201731100366	康希诺:2025年半年度募集资金存放与实际使用情况专项报告
2025-08-21 00:00:00	AN202508201731100365	康希诺:2025年半年度报告摘要
2025-08-21 00:00:00	AN202508201731100368	康希诺:关于使用暂时闲置募集资金进行现金管理的公告
2025-08-21 00:00:00	AN202508201731100362	康希诺:中信证券股份有限公司关于康希诺生物股份公司使用暂时闲置募集资金进行现金管理的核查意见
2025-08-21 00:00:00	AN202508201731100363	康希诺:关于公司2025年度提质增效重回报专项行动方案的半年度评估报告
2025-08-07 00:00:00	AN202508061722568488	康希诺:康希诺H股公告(董事会会议通告)
2025-08-07 00:00:00	AN202508061722568489	康希诺:康希诺H股公告(证券变动月报表)
2025-07-17 00:00:00	AN202507161710012081	康希诺:关于重组三价脊髓灰质炎疫苗(Sf-RVN细胞)获得药物临床试验批准通知书的公告
2025-07-04 00:00:00	AN202507031702230703	康希诺:康希诺H股公告(证券变动月报表)
2025-07-03 00:00:00	AN202507031702257357	康希诺:2025年6月投资者关系活动记录表
2025-06-21 00:00:00	AN202506201694395445	康希诺:关于13价肺炎球菌多糖结合疫苗(CRM197/破伤风类毒素)获得药品注册证书的公告
2025-06-05 00:00:00	AN202506051685336663	康希诺:2025年5月投资者关系活动记录表
2025-06-05 00:00:00	AN202506041684800239	康希诺:2024年年度股东大会决议公告
2025-06-05 00:00:00	AN202506041684800240	康希诺:北京市竞天公诚律师事务所关于康希诺生物股份公司2024年年度股东大会的法律意见书
2025-06-05 00:00:00	AN202506041684759189	康希诺:康希诺H股公告
2025-05-16 00:00:00	AN202505151673286400	康希诺:自愿披露关于吸入用肺结核疫苗(5型腺病毒载体)于印度尼西亚获得临床试验批准的公告
2025-05-14 00:00:00	AN202505131672213627	康希诺:2024年年度股东大会会议资料
2025-05-12 00:00:00	AN202505121671639618	康希诺:2025年4月投资者关系活动记录表
2025-05-09 00:00:00	AN202505081669483837	康希诺:康希诺H股公告(证券变动月报表)
2025-04-30 00:00:00	AN202504291664512123	康希诺:2025年第一季度报告
2025-04-30 00:00:00	AN202504291664512124	康希诺:关于召开2024年年度股东大会的通知
2025-04-23 00:00:00	AN202504221660586954	康希诺:关于召开2024年度暨2025年第一季度业绩说明会的公告
2025-04-16 00:00:00	AN202504151656886183	康希诺:康希诺H股公告(董事会会议通告)
2025-04-03 00:00:00	AN202504021650353967	康希诺:康希诺H股公告(股份發行人及根據《上市規則》第十九B章上市的香港預託證券發行人的證券變動月報表)
2025-04-02 00:00:00	AN202504021650351226	康希诺:2025年3月投资者关系活动记录表
2025-03-26 00:00:00	AN202503251647395874	康希诺:2024年度营业收入扣除情况的专项报告
2025-03-26 00:00:00	AN202503251647395857	康希诺:内部控制审计报告
2025-03-26 00:00:00	AN202503251647395861	康希诺:关于募集资金存放与使用情况的专项报告及审核报告
2025-03-26 00:00:00	AN202503251647395864	康希诺:2024年度审计报告
2025-03-26 00:00:00	AN202503251647395867	康希诺:2024年度内部控制评价报告
2025-03-26 00:00:00	AN202503251647395866	康希诺:独立董事2024年度述职报告(张耀樑)
2025-03-26 00:00:00	AN202503251647395858	康希诺:2025年度“提质增效重回报”行动方案
2025-03-26 00:00:00	AN202503251647395859	康希诺:第三届董事会第六次会议决议公告
2025-03-26 00:00:00	AN202503251647395871	康希诺:关于提请股东大会授权董事会以简易程序向特定对象发行股票的公告
2025-03-26 00:00:00	AN202503251647395869	康希诺:第三届监事会第六次会议决议公告
2025-03-26 00:00:00	AN202503251647395860	康希诺:关于使用闲置自有资金进行现金管理的公告
2025-03-26 00:00:00	AN202503251647395865	康希诺:2024年年度报告
2025-03-26 00:00:00	AN202503251647392955	康希诺:审计委员会对2024年度会计师事务所履行监督职责情况报告
2025-03-26 00:00:00	AN202503251647395863	康希诺:中信证券股份有限公司关于康希诺生物股份公司2024年度募集资金存放与实际使用情况专项报告的核查意见
2025-03-26 00:00:00	AN202503251647395879	康希诺:董事会审计委员会2024年度履职报告
2025-03-26 00:00:00	AN202503251647395875	康希诺:董事会关于独立董事独立性自查情况的专项报告
2025-03-26 00:00:00	AN202503251647395868	康希诺:关于2025年度对外担保预计的公告
2025-03-26 00:00:00	AN202503251647395876	康希诺:独立董事2024年度述职报告(刘建忠)
2025-03-26 00:00:00	AN202503251647395873	康希诺:2024年年度报告摘要
2025-03-26 00:00:00	AN202503251647392956	康希诺:2024年度募集资金存放与实际使用情况专项报告
2025-03-26 00:00:00	AN202503251647395878	康希诺:独立董事2024年度述职报告(桂水发)
2025-03-26 00:00:00	AN202503251647395872	康希诺:关于续聘会计师事务所的公告
2025-03-26 00:00:00	AN202503251647395862	康希诺:2024年度环境、社会及管治(ESG)报告暨可持续发展报告
2025-03-26 00:00:00	AN202503251647395877	康希诺:2024年度会计师事务所履职情况评估报告
2025-03-26 00:00:00	AN202503251647395870	康希诺:控股股东、实际控制人及其他关联方资金占用情况的专项说明
2025-03-13 00:00:00	AN202503121644302761	康希诺:康希诺H股公告(董事會會議通告)
2025-03-05 00:00:00	AN202503041644040492	康希诺:康希诺H股公告(证券变动月报表)
2025-02-28 00:00:00	AN202502271643563253	康希诺:2024年度业绩快报公告
2025-02-25 00:00:00	AN202502241643437893	康希诺:关于吸附无细胞百(组分)白破b型流感嗜血杆菌(结合)-ACYW135群脑膜炎球菌(结合)联合疫苗获得药物临床试验批准通知书的公告
2025-02-08 00:00:00	AN202502071642866482	康希诺:自愿披露关于婴幼儿用吸附无细胞百(组分)白破联合疫苗正式纳入优先审评品种的公告
2025-02-07 00:00:00	AN202502061642836846	康希诺:自愿披露关于吸附破伤风疫苗药品注册申请获得受理的公告
2025-02-07 00:00:00	AN202502061642836735	康希诺:康希诺H股公告(股份發行人及根據《上市規則》第十九B章上市的香港預託證券發行人的證券變動月報表)
2025-02-06 00:00:00	AN202502061642838538	康希诺:2025年1月投资者关系活动记录表
2025-01-18 00:00:00	AN202501171642209635	康希诺:2024年年度业绩预告公告
2025-01-04 00:00:00	AN202501031641800834	康希诺:康希诺H股公告(证券变动月报表)
2025-01-03 00:00:00	AN202501031641801925	康希诺:2024年12月投资者关系活动记录表
2024-12-31 00:00:00	AN202412301641469813	康希诺:自愿披露关于ACYW135群脑膜炎球菌多糖结合疫苗(CRM197载体)获得印度尼西亚注册证书的公告
2024-12-21 00:00:00	AN202412201641379175	康希诺:北京市竞天公诚律师事务所关于康希诺生物股份公司控股股东、实际控制人增持公司H股股份免于发出要约事项的法律意见书
2024-12-21 00:00:00	AN202412201641379176	康希诺:关于部分控股股东增持公司H股股份计划实施完毕及执行董事、高级管理人员持股变动的公告
2024-12-21 00:00:00	AN202412201641379174	康希诺:自愿披露关于吸附无细胞百(组分)白破联合疫苗(6岁及以上人群用)启动II/III期临床试验并完成II期临床首例受试者入组的公告
2024-12-21 00:00:00	AN202412201641379177	康希诺:自愿披露关于重组脊髓灰质炎疫苗于印度尼西亚启动I/II期临床试验并完成I期临床首例受试者入组的公告
2024-12-17 00:00:00	AN202412161641314653	康希诺:自愿披露关于婴幼儿用吸附无细胞百(组分)白破联合疫苗药品注册申请获得受理的公告
2024-12-14 00:00:00	AN202412131641301137	康希诺:关于部分股东不再构成一致行动关系暨权益变动的提示性公告
2024-12-05 00:00:00	AN202412041641179210	康希诺:关于实际控制人之一调整H股持股方式及签署《一致行动协议之补充协议(二)》的提示性公告
2024-12-04 00:00:00	AN202412031641162017	康希诺:康希诺H股公告(证券变动月报表)
2024-12-03 00:00:00	AN202412031641163206	康希诺:2024年11月投资者关系活动记录表
2024-11-29 00:00:00	AN202411291641119338	康希诺:2024年11月27日投资者关系活动记录表
2024-11-27 00:00:00	AN202411261641072575	康希诺:自愿披露关于ACYW135群脑膜炎球菌多糖结合疫苗(CRM197载体)药品补充申请获得受理的公告
2024-11-26 00:00:00	AN202411251641055486	康希诺:关于变更职工代表监事的公告
2024-11-26 00:00:00	AN202411251641055485	康希诺:2023年A股员工持股计划第二次持有人会议决议公告
2024-11-16 00:00:00	AN202411151640913732	康希诺:自愿披露关于冻干b型流感嗜血杆菌结合疫苗启动I期临床试验并完成首例受试者入组的公告
2024-11-16 00:00:00	AN202411151640913733	康希诺:关于召开2024年第三季度业绩说明会的公告
2024-11-06 00:00:00	AN202411051640723486	康希诺:康希诺H股公告(股份發行人及根據《上市規則》第十九B章上市的香港預託證券發行人的證券變動月報表)
2024-11-01 00:00:00	AN202411011640672631	康希诺:2024年10月投资者关系活动记录表
2024-10-30 00:00:00	AN202410291640570448	康希诺:2024年第三季度报告
2024-10-17 00:00:00	AN202410161640324145	康希诺:康希诺H股公告(董事会会议通告)
2024-10-10 00:00:00	AN202410091640227187	康希诺:自愿披露关于重组脊髓灰质炎疫苗于印度尼西亚获得临床试验批准的公告
2024-10-10 00:00:00	AN202410091640227186	康希诺:自愿披露关于签署重组脊髓灰质炎疫苗及相关联合疫苗项目资助协议的公告
2024-10-09 00:00:00	AN202410081640195745	康希诺:康希诺H股公告(证券变动月报表)
2024-09-30 00:00:00	AN202409301640104779	康希诺:2024年9月投资者关系活动记录表
2024-09-07 00:00:00	AN202409061639774492	康希诺:关于参加2024年半年度制药及生物制品专场集体业绩说明会的公告
2024-09-04 00:00:00	AN202409031639714924	康希诺:康希诺H股公告(证券变动月报表)
2024-09-03 00:00:00	AN202409031639716017	康希诺:2024年8月投资者关系活动记录表
2024-08-30 00:00:00	AN202408291639565654	康希诺:第三届监事会第四次会议决议公告
2024-08-30 00:00:00	AN202408291639565643	康希诺:关于部分募集资金投资项目延期的公告
2024-08-30 00:00:00	AN202408291639565649	康希诺:2024年半年度募集资金存放与实际使用情况专项报告
2024-08-30 00:00:00	AN202408291639565652	康希诺:2024年半年度报告
2024-08-30 00:00:00	AN202408291639565763	康希诺:中信证券股份有限公司关于康希诺生物股份公司使用暂时闲置募集资金进行现金管理的核查意见
2024-08-30 00:00:00	AN202408291639565762	康希诺:2024年半年度报告摘要
2024-08-30 00:00:00	AN202408291639565644	康希诺:中信证券股份有限公司关于康希诺生物股份公司部分募集资金投资项目延期的核查意见
2024-08-30 00:00:00	AN202408291639565648	康希诺:关于使用暂时闲置募集资金进行现金管理的公告
2024-08-30 00:00:00	AN202408291639565758	康希诺:关于公司2024年度提质增效重回报专项行动方案的半年度评估报告
2024-08-28 00:00:00	AN202408271639488711	康希诺:关于参加2024年度天津辖区上市公司半年报业绩说明会暨投资者网上集体接待日活动的公告
2024-08-17 00:00:00	AN202408161639312962	康希诺:康希诺H股公告(董事會會議通告)
2024-08-03 00:00:00	AN202408021639117847	康希诺:康希诺H股公告(证券变动月报表)
2024-08-02 00:00:00	AN202408021639120245	康希诺:2024年7月投资者关系活动记录表
2024-07-26 00:00:00	AN202407251638306713	康希诺:关于实际控制人之一调整H股持股方式及签署《<一致行动协议>之补充协议》的提示性公告
2024-07-12 00:00:00	AN202407111637799253	康希诺:关于部分控股股东增持公司H股股份的公告
2024-07-06 00:00:00	AN202407051637592695	康希诺:康希诺H股公告(股份發行人及根據《上市規則》第十九B章上市的香港預託證券發行人的證券變動月報表)
2024-07-05 00:00:00	AN202407051637595435	康希诺:2024年6月投资者关系活动记录表
2024-06-28 00:00:00	AN202406271636965681	康希诺:2023年年度股东大会决议公告
2024-06-28 00:00:00	AN202406271636965680	康希诺:北京市竞天公诚律师事务所关于康希诺生物股份公司2023年年度股东大会的法律意见书
2024-06-24 00:00:00	AN202406231636800236	康希诺:康希诺H股公告(自愿公告控股股东及执行董事拟增持股份)
2024-06-05 00:00:00	AN202406041635354253	康希诺:2023年年度股东大会会议资料
2024-06-05 00:00:00	AN202406041635354252	康希诺:康希诺H股公告(股份發行人及根據《上市規則》第十九B章上市的香港預託證券發行人的證券變動月報表)
2024-06-04 00:00:00	AN202406041635354873	康希诺:2024年5月投资者关系活动记录表
2024-06-01 00:00:00	AN202405311635065188	康希诺:关于非执行董事辞职并选举非执行董事暨调整董事会专门委员会成员的公告
2024-06-01 00:00:00	AN202405311635065186	康希诺:关于召开2023年年度股东大会的通知
2024-05-22 00:00:00	AN202405211634056718	康希诺:康希诺H股公告(须予披露的交易)
2024-05-09 00:00:00	AN202405081632668583	康希诺:康希诺H股公告(須予披露的交易)
2024-05-08 00:00:00	AN202405081632662789	康希诺:2024年4月投资者关系活动记录表
2024-05-08 00:00:00	AN202405071632564162	康希诺:康希诺H股公告(股份發行人及根據《上市規則》第十九B章上市的香港預託證券發行人的證券變動月報表)
2024-05-01 00:00:00	AN202404301632077266	康希诺:关于2023年年度报告的信息披露监管问询函的回复公告
2024-05-01 00:00:00	AN202404301632077265	康希诺:德勤华永会计师事务所(特殊普通合伙)关于康希诺生物股份公司2023年年度报告的信息披露监管问询函中相关问题的回复
2024-05-01 00:00:00	AN202404301632077272	康希诺:中信证券股份有限公司关于康希诺生物股份公司2023年年度报告的信息披露监管问询函回复的核查意见
2024-04-30 00:00:00	AN202404291631609305	康希诺:第三届董事会独立董事专门会议第一次会议决议
2024-04-30 00:00:00	AN202404291631609303	康希诺:第三届监事会第三次会议决议公告
2024-04-30 00:00:00	AN202404291631609302	康希诺:2024年第一季度报告
2024-04-30 00:00:00	AN202404291631609150	康希诺:关于签署产品转让与技术许可协议暨关联交易的公告
2024-04-23 00:00:00	AN202404221630976175	康希诺:关于冻干b型流感嗜血杆菌结合疫苗获得药物临床试验批准通知书的公告
2024-04-22 00:00:00	AN202404211630930130	康希诺:自愿披露关于重组肺炎球菌蛋白疫苗获得I期临床积极初步结果的公告
2024-04-18 00:00:00	AN202404171630403125	康希诺:康希诺H股公告(董事會會議通告)
2024-04-12 00:00:00	AN202404111630155380	康希诺:中信证券股份有限公司关于康希诺生物股份公司首次公开发行股票并在科创板上市之保荐总结报告书
2024-04-12 00:00:00	AN202404111630155384	康希诺:康希诺H股公告(須予披露的交易購買結構性存款)
2024-04-12 00:00:00	AN202404111630155378	康希诺:中信证券股份有限公司关于康希诺生物股份公司2023年度持续督导跟踪报告
2024-04-12 00:00:00	AN202404111630155382	康希诺:中信证券股份有限公司关于康希诺生物股份公司2023年度持续督导工作现场检查报告
2024-04-04 00:00:00	AN202404031629696106	康希诺:康希诺H股公告(证券变动月报表)
2024-04-04 00:00:00	AN202404031629695794	康希诺:关于参加2023年度生物制品专场集体业绩说明会的公告
2024-04-03 00:00:00	AN202404031629698085	康希诺:2024年3月投资者关系活动记录表
2024-03-28 00:00:00	AN202403271628324438	康希诺:2023年年度报告摘要
2024-03-28 00:00:00	AN202403271628324422	康希诺:2023年年度报告
2024-03-28 00:00:00	AN202403271628324436	康希诺:2022年度审计报告
2024-03-28 00:00:00	AN202403271628324435	康希诺:控股股东、实际控制人及其他关联方资金占用情况的专项说明
2024-03-28 00:00:00	AN202403271628324434	康希诺:2023年度内部控制评价报告
2024-03-28 00:00:00	AN202403271628324437	康希诺:2023年度环境、社会及管治(ESG)报告暨社会责任报告
2024-03-28 00:00:00	AN202403271628324421	康希诺:关于募集资金存放与使用情况的专项报告及审核报告
2024-03-28 00:00:00	AN202403271628324420	康希诺:内部控制审计报告
2024-03-28 00:00:00	AN202403271628324433	康希诺:中信证券股份有限公司关于康希诺生物股份公司2023年度募集资金存放与实际使用情况专项报告的核查意见
2024-03-28 00:00:00	AN202403271628324430	康希诺:董事会审计委员会2023年度履职报告
2024-03-28 00:00:00	AN202403271628324431	康希诺:董事会关于独立董事独立性自查情况的专项报告
2024-03-28 00:00:00	AN202403271628324432	康希诺:2023年度会计师事务所履职情况评估报告
2024-03-28 00:00:00	AN202403271628324417	康希诺:审计委员会对2023年度会计师事务所履行监督职责情况报告
2024-03-28 00:00:00	AN202403271628324419	康希诺:未来三年(2023年-2025年)股东分红回报规划(2024年3月)
2024-03-28 00:00:00	AN202403271628324416	康希诺:2024年度“提质增效重回报”行动方案
2024-03-28 00:00:00	AN202403271628324418	康希诺:第三届监事会第二次会议决议公告
2024-03-28 00:00:00	AN202403271628324429	康希诺:关于2024年度对外担保预计的公告
2024-03-28 00:00:00	AN202403271628324311	康希诺:2023年度募集资金存放与实际使用情况专项报告
2024-03-28 00:00:00	AN202403271628324415	康希诺:关于部分募集资金专户销户完成的公告
2024-03-28 00:00:00	AN202403271628324428	康希诺:独立董事2023年度述职报告(桂水发)
2024-03-28 00:00:00	AN202403271628324312	康希诺:独立董事2023年度述职报告(刘建忠)
2024-03-28 00:00:00	AN202403271628324414	康希诺:独立董事2023年度述职报告(韦少琨)
2024-03-28 00:00:00	AN202403271628324427	康希诺:独立董事2023年度述职报告(辛珠)
2024-03-28 00:00:00	AN202403271628324413	康希诺:第三届董事会第二次会议决议公告
2024-03-28 00:00:00	AN202403271628324425	康希诺:关于续聘会计师事务所的公告
2024-03-28 00:00:00	AN202403271628324426	康希诺:关于提请股东大会授权董事会以简易程序向特定对象发行股票的公告
2024-03-28 00:00:00	AN202403271628324310	康希诺:关于使用闲置自有资金进行现金管理的公告
2024-03-28 00:00:00	AN202403271628324423	康希诺:关于2023年度计提资产减值准备的公告
2024-03-28 00:00:00	AN202403271628324424	康希诺:关于控股股东、实际控制人重新签署《一致行动协议》的公告
2024-03-21 00:00:00	AN202403201627319115	康希诺:自愿披露关于吸附破伤风疫苗启动III期临床试验并完成首例受试者入组的公告
2024-03-16 00:00:00	AN202403151626835010	康希诺:康希诺H股公告(董事会会议通知)
2024-03-14 00:00:00	AN202403131626673239	康希诺:关于公司涉及诉讼事项的公告
2024-03-02 00:00:00	AN202403011624852638	康希诺:康希诺H股公告(股份發行人及根據《上市規則》第十九B章上市的香港預託證券發行人的證券變動月報表)
2024-03-01 00:00:00	AN202403011624852703	康希诺:2024年2月投资者关系活动记录表
2024-02-29 00:00:00	AN202402281623984186	康希诺:自愿披露关于13价肺炎球菌多糖结合疫苗(CRM197，TT载体)药品注册申请获得受理的公告
2024-02-24 00:00:00	AN202402231623240668	康希诺:关于选举职工代表监事的公告
2024-02-24 00:00:00	AN202402231623240667	康希诺:2023年度业绩快报公告
2024-02-24 00:00:00	AN202402231623240666	康希诺:第三届监事会第一次会议决议公告
2024-02-24 00:00:00	AN202402231623240665	康希诺:关于完成董事会、监事会换届选举及高级管理人员、证券事务代表聘任的公告
2024-02-22 00:00:00	AN202402211622513340	康希诺:2024年第一次临时股东大会决议公告
2024-02-22 00:00:00	AN202402211622513341	康希诺:北京市竞天公诚律师事务所关于康希诺生物股份公司2024年第一次临时股东大会的法律意见书
2024-02-03 00:00:00	AN202402021620074975	康希诺:关于子公司上药康希诺不再纳入合并报表范围的公告
2024-02-03 00:00:00	AN202402021620073436	康希诺:康希诺H股公告(证券变动月报表)
2024-02-02 00:00:00	AN202402021620078224	康希诺:2024年1月投资者关系活动记录表
2024-01-31 00:00:00	AN202401301619520540	康希诺:2023年年度业绩预告公告
2024-01-31 00:00:00	AN202401301619520539	康希诺:自愿披露关于获得13价肺炎球菌多糖结合疫苗(CRM197，TT载体)III期临床试验总结报告的公告
2024-01-31 00:00:00	AN202401301619516867	康希诺:2024年第一次临时股东大会会议资料
2024-01-20 00:00:00	AN202401191617738114	康希诺:第二届董事会第十五次临时会议决议公告
2024-01-20 00:00:00	AN202401191617738126	康希诺:独立董事关于第二届董事会第十五次临时会议的独立意见
2024-01-20 00:00:00	AN202401191617738111	康希诺:关于召开2024年第一次临时股东大会的通知
2024-01-20 00:00:00	AN202401191617738121	康希诺:第二届监事会第二十三次会议决议公告
2024-01-20 00:00:00	AN202401191617738125	康希诺:关于修订《公司章程》及相关议事规则、《独立非执行董事工作制度》及董事会专门委员会工作细则的公告
2024-01-20 00:00:00	AN202401191617738122	康希诺:公司章程(2024年1月)
2024-01-20 00:00:00	AN202401191617738112	康希诺:董事会议事规则(2024年1月)
2024-01-20 00:00:00	AN202401191617738124	康希诺:监事会议事规则(2024年1月)
2024-01-20 00:00:00	AN202401191617738113	康希诺:独立非执行董事工作制度(2024年1月)
2024-01-20 00:00:00	AN202401191617738127	康希诺:董事会审计委员会工作细则(2024年1月)
2024-01-20 00:00:00	AN202401191617738130	康希诺:董事会提名委员会工作细则(2024年1月)
2024-01-20 00:00:00	AN202401191617738128	康希诺:董事会薪酬与考核委员会工作细则(2024年1月)
2024-01-20 00:00:00	AN202401191617738110	康希诺:关于董事会、监事会换届选举的公告
2024-01-20 00:00:00	AN202401191617738123	康希诺:独立董事候选人声明与承诺-YiuLeungAndyCHEUNG(张耀樑)
2024-01-20 00:00:00	AN202401191617738119	康希诺:独立董事候选人声明与承诺-桂水发
2024-01-20 00:00:00	AN202401191617738120	康希诺:独立董事候选人声明与承诺-刘建忠
2024-01-20 00:00:00	AN202401191617738131	康希诺:独立董事提名人声明与承诺-YiuLeungAndyCHEUNG(张耀樑)
2024-01-20 00:00:00	AN202401191617738109	康希诺:独立董事提名人声明与承诺-桂水发
2024-01-20 00:00:00	AN202401191617738129	康希诺:独立董事提名人声明与承诺-刘建忠
2024-01-16 00:00:00	AN202401151617496208	康希诺:自愿披露关于重组脊髓灰质炎疫苗于澳大利亚启动I期临床试验并完成首例受试者入组的公告
2024-01-03 00:00:00	AN202401021615929728	康希诺:康希诺H股公告
2024-01-02 00:00:00	AN202401021615926356	康希诺:2023年12月投资者关系活动记录表
2023-12-21 00:00:00	AN202312201614595102	康希诺:自愿披露关于吸附破伤风疫苗启动I期临床试验并完成首例受试者入组的公告
2023-12-16 00:00:00	AN202312151614280763	康希诺:关于变更签字注册会计师的公告
2023-12-07 00:00:00	AN202312061613483864	康希诺:自愿披露关于吸附无细胞百(组分)白破联合疫苗(6岁及以上人群用)启动I期临床试验并完成首例受试者入组的公告
2023-12-05 00:00:00	AN202312041613232395	康希诺:康希诺H股公告(证券变动月报表)
2023-12-04 00:00:00	AN202312041613233414	康希诺:2023年11月投资者关系活动记录表
2023-12-04 00:00:00	AN202312031613221029	康希诺:自愿披露关于吸入用重组新冠病毒XBB.1.5变异株疫苗(5型腺病毒载体)被纳入紧急使用的公告
2023-11-18 00:00:00	AN202311171611365772	康希诺:关于财务负责人辞任并由刘明先生代行职责的公告
2023-11-09 00:00:00	AN202311081609349337	康希诺:自愿披露关于重组带状疱疹疫苗(腺病毒载体)于加拿大启动I期临床试验并完成首例受试者入组的公告
2023-11-04 00:00:00	AN202311031608340275	康希诺:康希诺H股公告(股份發行人及根據《上市規則》第十九B章上市的香港預託證券發行人的證券變動月報表)
2023-11-04 00:00:00	AN202311031608335893	康希诺:关于召开2023年半年度暨第三季度业绩说明会的公告
2023-11-03 00:00:00	AN202311031608336121	康希诺:2023年10月投资者关系活动记录表
2023-10-31 00:00:00	AN202310301605660727	康希诺:2023年第三季度报告
2023-10-25 00:00:00	AN202310241602919304	康希诺:自愿披露关于与比尔及梅琳达·盖茨基金会签署重组脊髓灰质炎疫苗项目资助协议的公告
2023-10-18 00:00:00	AN202310171601767007	康希诺:康希诺H股公告(董事会会议通告)
2023-10-09 00:00:00	AN202310081601090586	康希诺:康希诺H股公告(股份发行人及根据《上市规则》第十九B章上市的香港预托证券发行人的证券变动月报表)
2023-09-28 00:00:00	AN202309281600197743	康希诺:2023年9月投资者关系活动记录表
2023-09-21 00:00:00	AN202309201599487140	康希诺:2023年第二次临时股东大会、2023年第二次A股类别股东大会及2023年第二次H股类别股东大会决议公告
2023-09-21 00:00:00	AN202309201599487141	康希诺:北京市竞天公诚律师事务所关于康希诺生物股份公司2023年第二次临时股东大会的法律意见书
2023-09-20 00:00:00	AN202309191599290467	康希诺:中信证券股份有限公司关于康希诺生物股份公司2023年半年度持续督导跟踪报告
2023-09-05 00:00:00	AN202309041597479605	康希诺:康希诺H股公告(股份發行人及根據《上市規則》第十九B章上市的香港預託證券發行人的證券變動月報表)
2023-09-02 00:00:00	AN202309011597331336	康希诺:2023年第二次临时股东大会、2023年第二次A股类别股东大会及2023年第二次H股类别股东大会会议资料
2023-09-01 00:00:00	AN202309011597332408	康希诺:2023年8月投资者关系活动记录表
2023-08-31 00:00:00	AN202308301596832677	康希诺:中信证券股份有限公司关于康希诺生物股份公司使用暂时闲置募集资金进行现金管理的核查意见
2023-08-31 00:00:00	AN202308301596832672	康希诺:第二届监事会第二十一次会议决议公告
2023-08-31 00:00:00	AN202308301596832673	康希诺:独立董事关于第二届董事会第十四次会议的独立意见
2023-08-31 00:00:00	AN202308301596832667	康希诺:2023年半年度报告
2023-08-31 00:00:00	AN202308301596832669	康希诺:2023年半年度报告摘要
2023-08-31 00:00:00	AN202308301596832664	康希诺:关于2023年半年度计提资产减值准备的公告
2023-08-31 00:00:00	AN202308301596832650	康希诺:关于使用暂时闲置募集资金进行现金管理的公告
2023-08-31 00:00:00	AN202308301596832652	康希诺:2023年半年度募集资金存放与实际使用情况专项报告
2023-08-31 00:00:00	AN202308301596832651	康希诺:关于召开2023年第二次临时股东大会、2023年第二次A股类别股东大会及2023年第二次H股类别股东大会的通知
2023-08-30 00:00:00	AN202308291596609748	康希诺:关于公司控股股东、实际控制人的一致行动人暨员工持股平台提前终止减持计划公告
2023-08-29 00:00:00	AN202308281595921309	康希诺:康希诺H股公告(董事會會議延期)
2023-08-26 00:00:00	AN202308251595848214	康希诺:自愿披露关于全资子公司对外投资的公告
2023-08-17 00:00:00	AN202308161594846297	康希诺:康希诺H股公告
2023-08-17 00:00:00	AN202308161594846270	康希诺:自愿披露关于重组新型冠状病毒疫苗(5型腺病毒载体)获得印度尼西亚清真认证的公告
2023-08-15 00:00:00	AN202308141594357848	康希诺:关于公司控股股东、实际控制人的一致行动人暨员工持股平台减持股份计划公告
2023-08-14 00:00:00	AN202308131594341690	康希诺:自愿披露关于婴幼儿用吸附无细胞百(组分)白破联合疫苗启动III期临床试验并完成首例受试者入组的公告
2023-08-09 00:00:00	AN202308081593503550	康希诺:自愿披露关于与阿斯利康签署框架协议的公告
2023-08-05 00:00:00	AN202308041593318189	康希诺:首次公开发行部分限售股上市流通公告
2023-08-05 00:00:00	AN202308041593318187	康希诺:中信证券股份有限公司关于康希诺生物股份公司首次公开发行部分限售股上市流通的核查意见
2023-08-03 00:00:00	AN202308031593183030	康希诺:2023年7月投资者关系活动记录表
2023-08-02 00:00:00	AN202308011593005916	康希诺:康希诺H股公告(证券变动月报表)
2023-07-28 00:00:00	AN202307271592731876	康希诺:关于吸附破伤风疫苗获得药物临床试验批准通知书的公告
2023-07-24 00:00:00	AN202307231592559821	康希诺:关于重组带状疱疹疫苗(腺病毒载体)获得加拿大临床试验申请批准的公告
2023-07-07 00:00:00	AN202307061592067647	康希诺:康希诺H股公告(股份发行人及根据《上市规则》第十九B章上市的香港预托证券发行人的证券变动月报表)
2023-07-05 00:00:00	AN202307051592047013	康希诺:2023年6月投资者关系活动记录表
2023-07-03 00:00:00	AN202307021591985373	康希诺:2022年年度股东大会、2023年第一次A股类别股东大会及2023年第一次H股类别股东大会决议公告
2023-07-03 00:00:00	AN202307021591985368	康希诺:北京市竞天公诚律师事务所关于康希诺生物股份公司2022年年度股东大会的法律意见书
2023-06-28 00:00:00	AN202306271591732435	康希诺:关于ACYW135群脑膜炎球菌多糖结合疫苗(CRM197载体)获得在7~59周岁人群中开展临床试验的批准通知书的公告
2023-06-26 00:00:00	AN202306251591280146	康希诺:关于吸附无细胞百(组分)白破联合疫苗(6岁及以上人群用)获得药物临床试验批准通知书的公告
2023-06-22 00:00:00	AN202306211591195110	康希诺:康希诺H股公告(2022年度企業年度報告書)
2023-06-17 00:00:00	AN202306161591029490	康希诺:2022年年度股东大会、2023年第一次A股类别股东大会及2023年第一次H股类别股东大会会议资料
2023-06-05 00:00:00	AN202306051590421235	康希诺:2023年5月投资者关系活动记录表
2023-06-03 00:00:00	AN202306021589070473	康希诺:康希诺H股公告(股份发行人及根据《上市规则》第十九B章上市的香港预托证券发行人的证券变动月报表)
2023-06-03 00:00:00	AN202306021589061930	康希诺:关于召开2022年年度股东大会、2023年第一次A股类别股东大会及2023年第一次H股类别股东大会的通知
2023-06-02 00:00:00	AN202306011587464713	康希诺:中信证券股份有限公司关于康希诺生物股份公司2022年年度报告的信息披露监管问询函回复的核查意见
2023-06-01 00:00:00	AN202305311587390682	康希诺:德勤华永会计师事务所(特殊普通合伙)关于康希诺生物股份公司2022年年度报告的信息披露监管问询函中相关问题的回复
2023-06-01 00:00:00	AN202305311587390695	康希诺:关于2022年年度报告的信息披露监管问询函的回复公告
2023-05-16 00:00:00	AN202305151586643824	康希诺:2023年A股员工持股计划第一次持有人会议决议公告
2023-05-16 00:00:00	AN202305151586643825	康希诺:关于董事会、监事会延期换届的提示性公告
2023-05-13 00:00:00	AN202305121586536591	康希诺:关于取消2023年第二次临时股东大会、2023年第一次A股类别股东大会及2023年第一次H股类别股东大会的公告
2023-05-10 00:00:00	AN202305091586412488	康希诺:关于2023年A股员工持股计划完成股票非交易过户的公告
2023-05-10 00:00:00	AN202305091586412491	康希诺:自愿披露关于重组新型冠状病毒疫苗(5型腺病毒载体)注册为香港药剂制品的公告
2023-05-05 00:00:00	AN202305041586249942	康希诺:康希诺H股公告(证券变动月报表)
2023-04-29 00:00:00	AN202304281586057759	康希诺:董事会秘书工作制度(2023年4月)
2023-04-29 00:00:00	AN202304281586057748	康希诺:董事会议事规则(2023年4月)
2023-04-29 00:00:00	AN202304281586057765	康希诺:2023年第一季度报告
2023-04-29 00:00:00	AN202304281586057756	康希诺:公司章程(2023年4月)
2023-04-29 00:00:00	AN202304281586057760	康希诺:关于召开2023年第二次临时股东大会、2023年第一次A股类别股东大会及2023年第一次H股类别股东大会的通知
2023-04-29 00:00:00	AN202304281586057734	康希诺:监事会议事规则(2023年4月)
2023-04-29 00:00:00	AN202304281586057741	康希诺:境外发行证券及上市相关的保密及档案管理制度(2023年4月)
2023-04-29 00:00:00	AN202304281586057736	康希诺:第二届监事会第二十次会议决议公告
2023-04-29 00:00:00	AN202304281586057740	康希诺:股东大会议事规则(2023年4月)
2023-04-29 00:00:00	AN202304281586057719	康希诺:总经理工作细则(2023年4月)
2023-04-29 00:00:00	AN202304281586057721	康希诺:关于修订《公司章程》及部分内部管理制度的公告
2023-04-29 00:00:00	AN202304281586057710	康希诺:关于参与设立私募基金完成私募投资基金备案的公告
2023-04-22 00:00:00	AN202304211585683646	康希诺:关于参与设立私募基金的公告
2023-04-21 00:00:00	AN202304201585633913	康希诺:北京市竞天公诚律师事务所关于康希诺生物股份公司2023年第一次临时股东大会的法律意见书
2023-04-21 00:00:00	AN202304201585633903	康希诺:2023年第一次临时股东大会决议公告
2023-04-17 00:00:00	AN202304161585487790	康希诺:自愿披露关于二价新型冠状病毒mRNA疫苗获得药物临床试验批件的公告
2023-04-15 00:00:00	AN202304141585464312	康希诺:康希诺H股公告(董事會會議通告)
2023-04-15 00:00:00	AN202304141585462024	康希诺:关于参加2022年度生物制品专场集体业绩说明会的公告
2023-04-11 00:00:00	AN202304101585258119	康希诺:中信证券股份有限公司关于康希诺生物股份公司2022年度持续督导跟踪报告
2023-04-07 00:00:00	AN202304061585184790	康希诺:2023年第一次临时股东大会会议资料
2023-04-06 00:00:00	AN202304061585184584	康希诺:2023年3月投资者关系活动记录表
2023-04-04 00:00:00	AN202304031585043182	康希诺:康希诺H股公告(股份發行人及根據《上市規則》第十九B章上市的香港預託證券發行人的證券變動月報表)
2023-03-28 00:00:00	AN202303271584584157	康希诺:独立董事关于第二届董事会第十二次会议相关事项的独立意见
2023-03-28 00:00:00	AN202303271584584160	康希诺:董事会审计委员会2022年度履职报告
2023-03-28 00:00:00	AN202303271584584163	康希诺:2022年度审计报告
2023-03-28 00:00:00	AN202303271584584173	康希诺:关于召开2023年第一次临时股东大会的通知
2023-03-28 00:00:00	AN202303271584584176	康希诺:北京市竞天公诚律师事务所关于康希诺生物股份公司2021年限制性股票激励计划作废部分限制性股票的法律意见书
2023-03-28 00:00:00	AN202303271584584175	康希诺:关于续聘会计师事务所的公告
2023-03-28 00:00:00	AN202303271584584162	康希诺:2022年度内部控制评价报告
2023-03-28 00:00:00	AN202303271584584159	康希诺:第二届董事会第十二次会议决议公告
2023-03-28 00:00:00	AN202303271584584155	康希诺:北京市竞天公诚律师事务所关于康希诺生物股份公司2023年A股员工持股计划的法律意见书
2023-03-28 00:00:00	AN202303271584584168	康希诺:上海荣正企业咨询服务(集团)股份有限公司关于康希诺生物股份公司2023年A股员工持股计划(草案)之独立财务顾问报告
2023-03-28 00:00:00	AN202303271584584172	康希诺:关于作废已授予及预留的限制性股票的公告
2023-03-28 00:00:00	AN202303271584584170	康希诺:中信证券股份有限公司关于康希诺生物股份公司关于开展外汇套期保值业务的核查意见
2023-03-28 00:00:00	AN202303271584584156	康希诺:未来三年(2023年-2025年)股东分红回报规划
2023-03-28 00:00:00	AN202303271584584154	康希诺:内部控制审计报告
2023-03-28 00:00:00	AN202303271584584178	康希诺:独立董事2022年度述职报告
2023-03-28 00:00:00	AN202303271584584179	康希诺:独立董事关于第二届董事会第十二次会议相关事项的事前认可意见
2023-03-28 00:00:00	AN202303271584584167	康希诺:2023年A股员工持股计划(草案)摘要
2023-03-28 00:00:00	AN202303271584584169	康希诺:中信证券股份有限公司关于康希诺生物股份公司2023年度日常关联交易预计事项的核查意见
2023-03-28 00:00:00	AN202303271584584166	康希诺:2023年A股员工持股计划管理办法
2023-03-28 00:00:00	AN202303271584584153	康希诺:关于开展外汇套期保值业务的公告
2023-03-28 00:00:00	AN202303271584584161	康希诺:董事会薪酬与考核委员会工作细则(2023年3月)
2023-03-28 00:00:00	AN202303271584584158	康希诺:监事会关于公司2023年A股员工持股计划相关事项的核查意见
2023-03-28 00:00:00	AN202303271584584164	康希诺:2022年度报告摘要
2023-03-28 00:00:00	AN202303271584584181	康希诺:职工代表大会决议公告
2023-03-28 00:00:00	AN202303271584584177	康希诺:控股股东、实际控制人及其他关联方资金占用情况的专项说明
2023-03-28 00:00:00	AN202303271584584174	康希诺:关于提请股东大会授权董事会以简易程序向特定对象发行股票的公告
2023-03-28 00:00:00	AN202303271584584171	康希诺:中信证券股份有限公司关于康希诺生物股份公司变更部分募集资金投资项目的核查意见
2023-03-28 00:00:00	AN202303271584584180	康希诺:第二届监事会第十九次会议决议公告
2023-03-28 00:00:00	AN202303271584584165	康希诺:2022年度环境、社会及管治(ESG)报告暨社会责任报告
2023-03-28 00:00:00	AN202303271584584150	康希诺:关于2023年度日常关联交易预计的公告
2023-03-28 00:00:00	AN202303271584584145	康希诺:关于变更部分募集资金投资项目的公告
2023-03-28 00:00:00	AN202303271584584146	康希诺:独立董事关于公司对外担保情况的专项说明及独立意见
2023-03-28 00:00:00	AN202303271584584152	康希诺:关于募集资金存放与使用情况的专项报告及审核报告
2023-03-28 00:00:00	AN202303271584584151	康希诺:关于使用闲置自有资金进行现金管理的公告
2023-03-28 00:00:00	AN202303271584584144	康希诺:2023年A股员工持股计划(草案)
2023-03-28 00:00:00	AN202303271584584143	康希诺:2022年度募集资金存放与实际使用情况专项报告
2023-03-28 00:00:00	AN202303271584584149	康希诺:关于2023年度对外担保预计的公告
2023-03-28 00:00:00	AN202303271584584147	康希诺:2022年年度报告
2023-03-28 00:00:00	AN202303271584584148	康希诺:中信证券股份有限公司关于康希诺生物股份公司2022年度募集资金存放与实际使用情况专项报告的核查意见
2023-03-15 00:00:00	AN202303141584255385	康希诺:康希诺H股公告(董事会会议通告)
2023-03-15 00:00:00	AN202303141584255384	康希诺:康希诺H股公告(须予披露的交易)
2023-03-13 00:00:00	AN202303121584208823	康希诺:自愿披露关于重组肺炎球菌蛋白疫苗启动Ib期临床试验并完成首例受试者入组的公告
2023-03-04 00:00:00	AN202303031584020182	康希诺:关于变更职工代表监事的公告
2023-03-03 00:00:00	AN202303031584013834	上交所:关于康希诺生物股份公司相关事项的监管工作函
2023-03-03 00:00:00	AN202303021583964977	康希诺:康希诺H股公告(证券变动月报表)
2023-03-02 00:00:00	AN202303011583925105	康希诺:关于吸入用重组新型冠状病毒疫苗(5型腺病毒载体)获得印度尼西亚紧急使用许可的公告
2023-02-28 00:00:00	AN202302271583825354	康希诺:2022年度业绩快报公告
2023-02-23 00:00:00	AN202302221583555805	康希诺:康希诺H股公告(须予披露的交易)
2023-02-23 00:00:00	AN202302221583554521	康希诺:关于副总经理辞任的公告
2023-02-08 00:00:00	AN202302071582858617	康希诺:康希诺H股公告(購買結構性存款)
2023-02-03 00:00:00	AN202302031582731223	康希诺:2023年1月投资者关系活动记录表
2023-02-03 00:00:00	AN202302021582644482	康希诺:康希诺H股公告(股份发行人及根据《上市规则》第十九B章上市的香港预托证券发行人的证券变动月报表)
2023-01-31 00:00:00	AN202301301582507606	康希诺:2022年年度业绩预告公告
2023-01-18 00:00:00	AN202301171582079927	康希诺:康希诺H股公告(须予披露的交易)
2023-01-11 00:00:00	AN202301101581846773	康希诺:关于筹划境外发行全球存托凭证并在瑞士证券交易所上市的提示性公告
2023-01-06 00:00:00	AN202301051581732045	康希诺:自愿披露关于新冠mRNA疫苗近期一项序贯加强临床研究成果的公告
2023-01-06 00:00:00	AN202301051581724921	康希诺:中信证券股份有限公司关于康希诺生物股份公司2022年持续督导工作现场检查报告
2023-01-05 00:00:00	AN202301041581689424	康希诺:康希诺H股公告(股份發行人及根據《上市規則》第十九B章上市的香港預託證券發行人的證券變動月報表)
2023-01-04 00:00:00	AN202301041581689257	康希诺:2022年12月投资者关系活动记录表
2022-12-29 00:00:00	AN202212281581435242	康希诺:自愿披露关于吸入用新冠疫苗及肌注式新冠疫苗近期临床研究成果的公告
2022-12-28 00:00:00	AN202212281581431717	关于中信证券股份有限公司对科创板股票康希诺开展做市交易业务的公告
2022-12-24 00:00:00	AN202212231581327030	康希诺:康希诺H股公告(须予披露的交易)
2022-12-22 00:00:00	AN202212211581274452	康希诺:北京市竞天公诚律师事务所关于康希诺生物股份公司2022年第一次临时股东大会的法律意见书
2022-12-22 00:00:00	AN202212211581274451	康希诺:2022年第一次临时股东大会决议公告
2022-12-15 00:00:00	AN202212141581085250	康希诺:关于肌注式新冠疫苗及吸入用新冠疫苗被推荐作为第二剂次加强免疫接种的公告
2022-12-10 00:00:00	AN202212091580963799	康希诺:康希诺H股公告(须予披露的交易)
2022-12-06 00:00:00	AN202212051580827560	康希诺:2022年第一次临时股东大会会议资料
2022-12-05 00:00:00	AN202212051580827413	康希诺:2022年11月投资者关系活动记录表
2022-12-03 00:00:00	AN202212021580769910	688185:康希诺H股公告(证券变动月报表)
2022-12-03 00:00:00	AN202212021580769909	688185:康希诺H股公告(建议变更H股发行所得款项用途)
2022-12-03 00:00:00	AN202212021580768800	688185:第二届监事会第十八次会议决议公告
2022-12-03 00:00:00	AN202212021580768797	688185:独立董事关于第二届董事会第十一次临时会议相关事项的独立意见
2022-12-03 00:00:00	AN202212021580768798	688185:关于前次募集资金使用情况的专项报告及审核报告
2022-12-03 00:00:00	AN202212021580768796	688185:关于A股股份回购实施结果的公告
2022-12-03 00:00:00	AN202212021580768793	688185:关于召开2022年第一次临时股东大会通知
2022-12-03 00:00:00	AN202212021580768794	688185:中信证券股份有限公司关于康希诺生物股份公司使用剩余超募资金永久补充流动资金的核查意见
2022-12-03 00:00:00	AN202212021580768799	688185:前次募集资金使用情况报告
2022-12-03 00:00:00	AN202212021580768795	688185:关于使用剩余超募资金永久补充流动资金的公告
2022-12-02 00:00:00	AN202212011580732293	688185:关于以集中竞价交易方式回购公司A股股份的进展公告
2022-12-02 00:00:00	AN202212011580732189	688185:康希诺H股公告(翌日披露报表)
2022-11-25 00:00:00	AN202211251580558493	688185:澄清公告
2022-11-19 00:00:00	AN202211181580369904	688185:康希诺H股公告(须予披露的交易购买结构性存款)
2022-11-19 00:00:00	AN202211181580368232	688185:关于召开2022年第三季度业绩说明会的公告
2022-11-11 00:00:00	AN202211101580146555	688185:关于吸入用重组新型冠状病毒疫苗(5型腺病毒载体)获得摩洛哥紧急使用许可的公告
2022-11-04 00:00:00	AN202211041579964265	康希诺:2022年10月投资者关系活动记录表
2022-11-03 00:00:00	AN202211021579827251	688185:股票交易异常波动的公告(2022/11/03)
2022-11-03 00:00:00	AN202211021579827252	688185:关于股价异常波动询证函的回函(2022/11/03)
2022-11-02 00:00:00	AN202211011579717358	688185:康希诺H股公告(翌日披露报表)
2022-11-02 00:00:00	AN202211011579717359	688185:康希诺H股公告(须予披露的交易)
2022-11-02 00:00:00	AN202211011579717357	688185:康希诺H股公告(证券变动月报表)
2022-11-02 00:00:00	AN202211011579711734	688185:关于以集中竞价交易方式回购公司A股股份的进展公告
2022-10-29 00:00:00	AN202210281579590897	688185:关于2022年三季度计提资产减值准备的公告
2022-10-29 00:00:00	AN202210281579590896	688185:股票交易异常波动的公告(2022/10/29)
2022-10-29 00:00:00	AN202210281579590895	688185:关于股价异常波动询证函的回函
2022-10-29 00:00:00	AN202210281579590898	688185:2022年第三季度报告
2022-10-15 00:00:00	AN202210141579161340	688185:康希诺H股公告(須予披露的交易)
2022-10-14 00:00:00	AN202210131579126878	688185:康希诺H股公告(董事會會議通告)
2022-10-11 00:00:00	AN202210101579036830	688185:关于以集中竞价交易方式回购公司A股股份的进展公告
2022-10-11 00:00:00	AN202210101579036657	688185:康希诺H股公告(股份發行人及根據《上市規則》第十九B章上市的香港預託證券發行人的證券變動月報表)
2022-10-10 00:00:00	AN202210101579035575	康希诺:2022年9月投资者关系活动记录表
2022-09-30 00:00:00	AN202209291578769192	688185:独立董事关于第二届董事会第十次临时会议相关事项的独立意见
2022-09-30 00:00:00	AN202209291578769193	688185:关于对外投资暨关联交易的公告
2022-09-30 00:00:00	AN202209291578769194	688185:第二届监事会第十六次会议决议公告
2022-09-30 00:00:00	AN202209291578769191	688185:中信证券股份有限公司关于康希诺生物股份公司对外投资暨关联交易事项的核查意见
2022-09-24 00:00:00	AN202209231578623146	688185:关于全资子公司康希诺生物(上海)有限公司为其控股子公司康希诺(上海)生物科技有限公司提供担保的公告
2022-09-24 00:00:00	AN202209231578623145	688185:独立董事关于第二届董事会第九次临时会议相关事项的独立意见
2022-09-24 00:00:00	AN202209231578623144	688185:第二届监事会第十五次会议决议公告
2022-09-10 00:00:00	AN202209091578193629	688185:康希诺H股公告(须予披露的交易)
2022-09-06 00:00:00	AN202209051578047588	688185:康希诺H股公告(证券变动月报表)
2022-09-06 00:00:00	AN202209051578047587	688185:中信证券股份有限公司关于康希诺生物股份公司2022年半年度持续督导跟踪报告
2022-09-05 00:00:00	AN202209051578053392	康希诺:2022年8月投资者关系活动记录表
2022-09-05 00:00:00	AN202209041578022990	688185:关于吸入用重组新型冠状病毒疫苗(5型腺病毒载体)作为加强针被纳入紧急使用的公告
2022-09-01 00:00:00	AN202208311577890982	688185:关于参加2022年度天津辖区上市公司半年报业绩说明会与投资者网上集体接待日活动的公告
2022-09-01 00:00:00	AN202208311577890981	688185:关于以集中竞价交易方式回购公司A股股份的进展公告
2022-08-29 00:00:00	AN202208281577749058	688185:北京市竞天公诚律师事务所关于康希诺生物股份公司调整2021年限制性股票激励计划授予价格相关事项的法律意见书
2022-08-29 00:00:00	AN202208281577749059	688185:关于调整回购股份价格上限的公告
2022-08-29 00:00:00	AN202208281577748823	688185:关于使用暂时闲置募集资金进行现金管理的公告
2022-08-29 00:00:00	AN202208281577748822	688185:第二届监事会第十四次会议决议公告
2022-08-29 00:00:00	AN202208281577748821	688185:关于调整2021年限制性股票激励计划授予价格的公告
2022-08-29 00:00:00	AN202208281577748824	688185:2022年半年度募集资金存放与实际使用情况专项报告
2022-08-29 00:00:00	AN202208281577748629	688185:中信证券股份有限公司关于康希诺生物股份公司使用暂时闲置募集资金进行现金管理的核查意见
2022-08-29 00:00:00	AN202208281577748626	688185:独立董事关于第二届董事会第十次会议相关事项的独立意见
2022-08-29 00:00:00	AN202208281577748826	688185:2022年半年度报告摘要
2022-08-29 00:00:00	AN202208281577748825	688185:2022年半年度报告
2022-08-27 00:00:00	AN202208261577712615	688185:康希诺H股公告
2022-08-17 00:00:00	AN202208161577270512	688185:2021年年度A股权益分派实施公告
2022-08-13 00:00:00	AN202208121577158423	688185:康希诺H股公告(須予披露的交易)
2022-08-13 00:00:00	AN202208121577158422	688185:康希诺H股公告(董事會會議日期)
2022-08-06 00:00:00	AN202208051576936395	688185:中信证券股份有限公司关于康希诺生物股份公司首次公开发行部分限售股上市流通的核查意见
2022-08-06 00:00:00	AN202208051576936396	688185:首次公开发行部分限售股上市流通公告
2022-08-03 00:00:00	AN202208031576862404	康希诺:2022年7月投资者关系活动记录表
2022-08-03 00:00:00	AN202208021576806541	688185:康希诺H股公告(股份發行人及根據《上市規則》第十九B章上市的香港預託證券發行人的證券變動月報表)
2022-08-03 00:00:00	AN202208021576804461	688185:关于以集中竞价交易方式回购公司A股股份的进展公告
2022-07-05 00:00:00	AN202207041575768710	688185:关于以集中竞价交易方式回购公司A股股份的进展公告
2022-07-05 00:00:00	AN202207041575766977	688185:康希诺H股公告(证券变动月报表)
2022-07-04 00:00:00	AN202207041575769056	康希诺:2022年6月投资者关系活动记录表
2022-06-30 00:00:00	AN202206291575560105	688185:北京市竞天公诚律师事务所关于康希诺生物股份公司2021年年度股东大会的法律意见书
2022-06-30 00:00:00	AN202206291575560106	688185:2021年年度股东大会、2022年第一次A股类别股东大会、2022年第一次H股类别股东大会决议公告
2022-06-16 00:00:00	AN202206151572318348	688185:2021年年度股东大会、2022年第一次A股类别股东大会及2022年第一次H股类别股东大会会议资料
2022-06-07 00:00:00	AN202206061570384701	688185:康希诺H股公告(证券变动月报表)
2022-06-06 00:00:00	AN202206051570182537	688185:自愿披露关于终止与辉瑞推广合作的公告
2022-06-03 00:00:00	AN202206021569554161	688185:康希诺H股公告(须予披露的交易)
2022-06-03 00:00:00	AN202206021569547113	688185:关于以集中竞价交易方式回购公司A股股份的进展公告
2022-05-31 00:00:00	AN202205311569088246	康希诺:2022年5月投资者关系活动记录表
2022-05-26 00:00:00	AN202205251567820930	688185:独立非执行董事工作制度(2022年5月)
2022-05-26 00:00:00	AN202205251567820932	688185:关于修订《公司章程》及部分内部管理制度的公告
2022-05-26 00:00:00	AN202205251567820940	688185:股东大会议事规则(2022年5月)
2022-05-26 00:00:00	AN202205251567820933	688185:第二届监事会第十三次会议决议公告
2022-05-26 00:00:00	AN202205251567820936	688185:董事会提名委员会工作细则(2022年5月)
2022-05-26 00:00:00	AN202205251567820938	688185:募集资金管理制度(2022年5月)
2022-05-26 00:00:00	AN202205251567820937	688185:对外担保决策制度(2022年5月)
2022-05-26 00:00:00	AN202205251567820929	688185:关于召开2021年年度股东大会、2022年第一次A股类别股东大会及2022年第一次H股类别股东大会的通知
2022-05-26 00:00:00	AN202205251567820935	688185:关于提请股东大会授权董事会以简易程序向特定对象发行股票的公告
2022-05-26 00:00:00	AN202205251567820928	688185:公司章程(2022年5月)
2022-05-26 00:00:00	AN202205251567820934	688185:独立董事关于第二届董事会第八次临时会议相关事项的独立意见
2022-05-26 00:00:00	AN202205251567820939	688185:董事会议事规则(2022年5月)
2022-05-26 00:00:00	AN202205251567820931	688185:内部审计管理制度
2022-05-26 00:00:00	AN202205251567820941	688185:2021年度环境、社会及公司治理(ESG)报告
2022-05-25 00:00:00	AN202205241567599521	688185:康希诺H股公告(翌日披露报表)(2022/05/25)
2022-05-24 00:00:00	AN202205231567412614	688185:康希诺H股公告(翌日披露报表)
2022-05-21 00:00:00	AN202205201566760869	688185:康希诺H股公告(須予披露的交易)
2022-05-20 00:00:00	AN202205191566605808	688185:关于重组新型冠状病毒疫苗(5型腺病毒载体)被纳入世界卫生组织(WHO)紧急使用清单的公告
2022-05-07 00:00:00	AN202205061563898296	688185:关于以集中竞价交易方式回购公司A股股份的进展公告
2022-05-07 00:00:00	AN202205061563897466	688185:康希诺H股公告(证券变动月报表)
2022-05-06 00:00:00	AN202205061563964997	康希诺:2022年4月投资者关系活动记录表
2022-05-06 00:00:00	AN202205051563722153	688185:康希诺H股公告(须予披露的交易)
2022-04-29 00:00:00	AN202204281562185580	688185:2022年第一季度报告
2022-04-20 00:00:00	AN202204191560237860	688185:关于发行可转换为境外上市外资股的公司债券获得中国证监会批复的公告
2022-04-15 00:00:00	AN202204141559230594	688185:康希诺H股公告(翌日披露報表)
2022-04-13 00:00:00	AN202204121558845287	688185:康希诺H股公告(董事會會議通告)
2022-04-07 00:00:00	AN202204061557637527	688185:康希诺H股公告(证券变动月报表)
2022-04-07 00:00:00	AN202204061557628205	688185:中信证券股份有限公司关于康希诺生物股份公司2021年度持续督导跟踪报告
2022-04-07 00:00:00	AN202204061557620932	688185:关于以集中竞价交易方式回购公司A股股份的进展公告
2022-04-06 00:00:00	AN202204051557426670	688185:自愿披露关于新型冠状病毒mRNA疫苗获得药物临床试验批件的公告
2022-03-31 00:00:00	AN202203311556305199	康希诺:2022年3月投资者关系活动记录表
2022-03-31 00:00:00	AN202203301556030566	688185:关于召开2021年度业绩说明会暨现金分红说明会的公告
2022-03-28 00:00:00	AN202203271555344780	688185:2021年度内部控制评价报告
2022-03-28 00:00:00	AN202203271555344796	688185:独立董事关于第二届董事会第八次会议相关事项的独立意见
2022-03-28 00:00:00	AN202203271555344797	688185:中信证券股份有限公司关于康希诺生物股份公司关联交易事项的核查意见
2022-03-28 00:00:00	AN202203271555344782	688185:控股股东、实际控制人及其他关联方资金占用情况的专项说明
2022-03-28 00:00:00	AN202203271555344787	688185:关于作废部分已授予但尚未归属的限制性股票的公告
2022-03-28 00:00:00	AN202203271555344777	688185:董事会审计委员会2021年度履职报告
2022-03-28 00:00:00	AN202203271555344786	688185:北京市天元律师事务所关于康希诺生物股份公司2021年限制性股票激励计划作废部分限制性股票的法律意见
2022-03-28 00:00:00	AN202203271555344788	688185:中信证券股份有限公司关于康希诺生物股份公司关于开展外汇套期保值业务的核查意见
2022-03-28 00:00:00	AN202203271555344791	688185:关于募集资金存放与使用情况的专项报告及审核报告
2022-03-28 00:00:00	AN202203271555344776	688185:内部控制评价制度
2022-03-28 00:00:00	AN202203271555344790	688185:关于使用闲置自有资金进行现金管理的公告
2022-03-28 00:00:00	AN202203271555344789	688185:关于开展外汇套期保值业务的公告
2022-03-28 00:00:00	AN202203271555344792	688185:中信证券股份有限公司关于康希诺生物股份公司2021年度募集资金存放与实际使用情况专项报告的核查意见
2022-03-28 00:00:00	AN202203271555344800	688185:2021年度审计报告
2022-03-28 00:00:00	AN202203271555344781	688185:独立董事2021年度述职报告
2022-03-28 00:00:00	AN202203271555344794	688185:关于续聘会计师事务所的公告
2022-03-28 00:00:00	AN202203271555344778	688185:内部控制审计报告
2022-03-28 00:00:00	AN202203271555344775	688185:董事会审计委员会工作细则(2022年3月)
2022-03-28 00:00:00	AN202203271555344785	688185:2021年年度报告摘要
2022-03-28 00:00:00	AN202203271555344795	688185:独立董事关于第二届董事会第八次会议相关事项的事前认可意见
2022-03-28 00:00:00	AN202203271555344773	688185:关于2022年度日常关联交易预计的公告
2022-03-28 00:00:00	AN202203271555344799	688185:第二届监事会第十一次会议决议公告
2022-03-28 00:00:00	AN202203271555344783	688185:独立董事关于公司对外担保情况的专项说明及独立意见
2022-03-28 00:00:00	AN202203271555344793	688185:2021年度募集资金存放与实际使用情况专项报告
2022-03-28 00:00:00	AN202203271555344779	688185:2021年社会责任报告
2022-03-28 00:00:00	AN202203271555344774	688185:关于2021年年度利润分配方案的公告
2022-03-28 00:00:00	AN202203271555344784	688185:2021年年度报告
2022-03-28 00:00:00	AN202203271555344063	688185:关于首次实现盈利暨取消股票简称特别标识U的公告
2022-03-15 00:00:00	AN202203141552576689	688185:中信证券股份有限公司关于康希诺生物股份公司2021年持续督导工作现场检查报告
2022-03-12 00:00:00	AN202203111551966120	688185:康希诺H股公告(董事会会议通知)
2022-03-11 00:00:00	AN202203111551893136	康希诺:2021年10月4日投资者关系活动记录表
2022-03-08 00:00:00	AN202203071551174330	688185:关于原持股5%以上股东股份减持计划期限届满暨减持股份结果公告
2022-03-04 00:00:00	AN202203031550339638	688185:康希诺H股公告(证券变动月报表)
2022-03-02 00:00:00	AN202203011549935661	688185:关于以集中竞价交易方式回购公司A股股份的进展公告
2022-02-26 00:00:00	AN202202251549129207	688185:2021年度业绩快报公告
2022-02-25 00:00:00	AN202202241548915401	688185:康希诺H股公告(须予披露的交易)
2022-02-21 00:00:00	AN202202201548155754	688185:自愿披露关于重组新型冠状病毒疫苗(5型腺病毒载体)获批用于序贯加强免疫接种的公告
2022-02-15 00:00:00	AN202202141546973183	688185:关于持股5%以上股东权益变动的提示性公告
2022-02-15 00:00:00	AN202202141546973180	688185:简式权益变动报告书
2022-02-12 00:00:00	AN202202111546360078	688185:康希诺H股公告(须予披露的交易)
2022-02-12 00:00:00	AN202202111546360077	688185:康希诺H股公告(翌日披露报表)(2022/02/12)
2022-02-11 00:00:00	AN202202101546127127	688185:康希诺H股公告(翌日披露报表)(2022/02/11)
2022-02-10 00:00:00	AN202202091545922376	688185:康希诺H股公告(翌日披露报表)(2022/02/10)
2022-02-09 00:00:00	AN202202081545719843	688185:康希诺H股公告(翌日披露报表)
2022-02-08 00:00:00	AN202202071545496520	688185:关于以集中竞价交易方式首次回购公司A股股份暨回购A股股份进展情况的公告
2022-02-08 00:00:00	AN202202071545495915	688185:康希诺H股公告(证券变动月报表)
2022-01-29 00:00:00	AN202201281543181014	688185:2021年年度业绩预告公告
2022-01-29 00:00:00	AN202201281543181013	688185:关于以集中竞价交易方式回购公司A股股份的回购报告书
2022-01-28 00:00:00	AN202201271542982543	688185:关于实际控制人之一调整H股持股方式及签署《<一致行动人协议>之补充协议》的提示性公告
2022-01-27 00:00:00	AN202201261542760421	688185:关于回购A股股份事项前十大股东和前十大无限售条件股东持股情况的公告
2022-01-24 00:00:00	AN202201231542156208	688185:第二届董事会第七次临时会议决议公告
2022-01-24 00:00:00	AN202201231542156206	688185:独立董事关于第二届董事会第七次临时会议相关事项的独立意见
2022-01-24 00:00:00	AN202201231542156207	688185:关于以集中竞价交易方式回购公司A股股份方案的公告
2022-01-24 00:00:00	AN202201231542156195	688185:关于公司董事长、实际控制人之一提议公司回购A股股份的公告
2022-01-21 00:00:00	AN202201201541543931	688185:康希诺H股公告(须予披露的交易)
2022-01-13 00:00:00	AN202201121539977319	688185:关于持股5%以上股东减持超过1%的提示性公告
2022-01-12 00:00:00	AN202201111539785171	688185:关于持股5%以上股东减持数量过半的进展公告
2022-01-05 00:00:00	AN202201041538471155	688185:康希诺H股公告(证券变动月报表)
2021-12-29 00:00:00	AN202112291537293970	688185:关于ACYW135群脑膜炎球菌多糖结合疫苗(CRM197载体)获得药品注册证书的公告
2021-12-24 00:00:00	AN202112241536395626	688185:康希诺H股公告(內幕消息)
2021-12-06 00:00:00	AN202112051533015127	688185:关于持股5%以上股东减持时间过半的进展公告
2021-12-03 00:00:00	AN202112021532411086	688185:康希诺H股公告(股份發行人及根據《上市規則》第十九B章上市的香港預託證券發行人的證券變動月報表)
2021-12-01 00:00:00	AN202111301532019889	688185:关于持股5%以上股东减持超过1%的提示性公告
2021-11-20 00:00:00	AN202111191529945556	688185:康希诺H股公告(須予披露的交易)
2021-11-15 00:00:00	AN202111151529137068	688185:康希诺H股公告
2021-11-12 00:00:00	AN202111111528420574	688185:康希诺H股公告(購買結構性存款)
2021-11-04 00:00:00	AN202111031526829626	688185:康希诺H股公告(股份發行人及根據《上市規則》第十九B章上市的香港預託證券發行人的證券變動月報表)
2021-10-29 00:00:00	AN202110281525585424	688185:康希诺H股公告(须予披露的交易)
2021-10-29 00:00:00	AN202110281525571453	688185:2021年第三季度报告
2021-10-16 00:00:00	AN202110151522812477	688185:康希诺H股公告(董事會會議通知)
2021-10-13 00:00:00	AN202110121522176379	688185:康希诺H股公告(2020年度企業年度報告書)
2021-10-12 00:00:00	AN202110111522007939	688185:2021年第三次临时股东大会决议公告
2021-10-12 00:00:00	AN202110111522007940	688185:北京市天元律师事务所关于康希诺生物股份公司2021年第三次临时股东大会的法律意见
2021-10-09 00:00:00	AN202110081521356437	688185:康希诺H股公告(证券变动月报表)
2021-09-29 00:00:00	AN202109281519124352	688185:康希诺H股公告(康希诺生物股份公司)
2021-09-23 00:00:00	AN202109221517864068	688185:2021年第三次临时股东大会会议资料
2021-09-11 00:00:00	AN202109101515415392	688185:北京市天元律师事务所关于康希诺生物股份公司2021年第二次临时股东大会、2021年第一次A股类别股东大会及2021年第一次H股类别股东大会的法律意见
2021-09-11 00:00:00	AN202109101515415402	688185:关于2021年限制性股票激励计划内幕信息知情人及激励对象买卖公司股票情况的自查报告
2021-09-11 00:00:00	AN202109101515415391	688185:第二届董事会第六次临时会议决议公告
2021-09-11 00:00:00	AN202109101515415377	688185:2021年第二次临时股东大会、2021年第一次A股类别股东大会、2021年第一次H股类别股东大会决议公告
2021-09-11 00:00:00	AN202109101515415399	688185:关于向激励对象首次及部分预留授予限制性股票的公告
2021-09-11 00:00:00	AN202109101515415400	688185:关于调整2021年限制性股票激励计划首次授予相关事项的公告
2021-09-11 00:00:00	AN202109101515415388	688185:关于使用部分超募资金永久补充流动资金的公告
2021-09-11 00:00:00	AN202109101515415395	688185:公司监事会关于2021年限制性股票激励计划激励对象名单的核查意见(授予日)
2021-09-11 00:00:00	AN202109101515415397	688185:北京市天元律师事务所关于康希诺生物股份公司2021年限制性股票激励计划调整及授予事项的法律意见
2021-09-11 00:00:00	AN202109101515415398	688185:独立董事关于公司第二届董事会第六次临时会议的独立意见
2021-09-11 00:00:00	AN202109101515415401	688185:关于董事、高级管理人员及证券事务代表变动的公告
2021-09-11 00:00:00	AN202109101515415390	688185:第二届监事会第九次会议决议公告
2021-09-11 00:00:00	AN202109101515415394	688185:上海荣正投资咨询股份有限公司关于康希诺生物股份公司2021年限制性股票激励计划首次及部分预留授予相关事项之独立财务顾问报告
2021-09-11 00:00:00	AN202109101515415389	688185:关于召开2021年第三次临时股东大会的通知
2021-09-11 00:00:00	AN202109101515415396	688185:2021年限制性股票激励计划激励对象名单(授予日)
2021-09-11 00:00:00	AN202109101515415403	688185:中信证券股份有限公司关于康希诺生物股份公司使用部分超募资金永久补充流动资金的核查意见
2021-09-07 00:00:00	AN202109061514593901	688185:中信证券股份有限公司关于康希诺生物股份公司2021年半年度持续督导跟踪报告
2021-09-04 00:00:00	AN202109031514020079	688185:康希诺H股公告(股份發行人及根據《上市規則》第十九B章上市的香港預託證券發行人的證券變動月報表)
2021-09-03 00:00:00	AN202109021513812168	688185:监事会关于公司2021年限制性股票激励计划首次授予激励对象名单的公示情况说明及核查意见
2021-08-30 00:00:00	AN202108291513166636	688185:第二届监事会第八次会议决议公告
2021-08-30 00:00:00	AN202108291513166520	688185:2021年半年度报告摘要
2021-08-30 00:00:00	AN202108291513166517	688185:关于召开2021年半年度业绩说明会的公告
2021-08-30 00:00:00	AN202108291513166521	688185:中信证券股份有限公司关于康希诺生物股份公司使用暂时闲置募集资金进行现金管理的核查意见
2021-08-30 00:00:00	AN202108291513166518	688185:独立董事关于公司第二届董事会第六次会议的独立意见
2021-08-30 00:00:00	AN202108291513166516	688185:2021年半年度募集资金存放与实际使用情况专项报告
2021-08-30 00:00:00	AN202108291513166519	688185:2021年半年度报告
2021-08-30 00:00:00	AN202108291513166522	688185:关于使用暂时闲置募集资金进行现金管理的公告
2021-08-26 00:00:00	AN202108251512320184	688185:2021年第二次临时股东大会、2021年第一次A股类别股东大会及2020年第一次H股类别股东大会会议资料
2021-08-21 00:00:00	AN202108201511241965	688185:监事会关于公司2021年限制性股票激励计划(草案)的核查意见
2021-08-21 00:00:00	AN202108201511241964	688185:2021年限制性股票激励计划实施考核管理办法
2021-08-21 00:00:00	AN202108201511241966	688185:上海荣正投资咨询股份有限公司关于康希诺生物股份公司2021年限制性股票激励计划(草案)之独立财务顾问报告
2021-08-21 00:00:00	AN202108201511241959	688185:关于独立董事公开征集委托投票权的公告
2021-08-21 00:00:00	AN202108201511241962	688185:2021年限制性股票激励计划(草案)
2021-08-21 00:00:00	AN202108201511241969	688185:2021年限制性股票激励计划(草案)摘要公告
2021-08-21 00:00:00	AN202108201511241960	688185:第二届监事会第七次会议决议公告
2021-08-21 00:00:00	AN202108201511241961	688185:第二届董事会第五次临时会议决议公告
2021-08-21 00:00:00	AN202108201511241968	688185:独立董事关于第二届董事会第五次临时会议相关事项的独立意见
2021-08-21 00:00:00	AN202108201511241958	688185:关于召开2021年第二次临时股东大会、2021年第一次A股类别股东大会及2021年第一次H股类别股东大会的通知
2021-08-21 00:00:00	AN202108201511241967	688185:北京市天元律师事务所关于康希诺生物股份公司2021年限制性股票激励计划(草案)的法律意见
2021-08-21 00:00:00	AN202108201511241963	688185:2021年限制性股票激励计划激励对象名单
2021-08-21 00:00:00	AN202108201511220618	688185:康希诺H股公告(購買結構性存款)
2021-08-14 00:00:00	AN202108131509822916	688185:康希诺H股公告(董事會會議日期)
2021-08-14 00:00:00	AN202108131509816032	688185:关于持股5%以上股东减持股份计划公告
2021-08-05 00:00:00	AN202108041508024400	688185:中信证券股份有限公司关于康希诺生物股份公司首次公开发行部分限售股上市流通的核查意见
2021-08-05 00:00:00	AN202108041508024401	688185:康希诺生物股份公司首次公开发行部分限售股上市流通公告
2021-08-05 00:00:00	AN202108041508019205	688185:康希诺H股公告(发行人的证券变动月报表)
2021-07-31 00:00:00	AN202107301507024034	688185:北京市天元律师事务所关于康希诺生物股份公司2021年第一次临时股东大会的法律意见(1)
2021-07-31 00:00:00	AN202107301507014781	688185:公司章程(2021年7月)
2021-07-31 00:00:00	AN202107301507014779	688185:2021年第一次临时股东大会决议公告
2021-07-31 00:00:00	AN202107301507014782	688185:北京市天元律师事务所关于康希诺生物股份公司2021年第一次临时股东大会的法律意见(2)
2021-07-30 00:00:00	AN202107291506818241	688185:关于2021年第一次临时股东大会变更现场会议召开地点的公告
2021-07-30 00:00:00	AN202107291506818242	688185:关于变更持续督导保荐代表人的公告
2021-07-17 00:00:00	AN202107161504181904	688185:独立董事关于第二届董事会第四次临时会议相关事项的事前认可意见
2021-07-17 00:00:00	AN202107161504181898	688185:第二届监事会第六次会议决议公告
2021-07-17 00:00:00	AN202107161504181896	688185:关于子公司上药康希诺与上海医药签署相关协议暨关联交易的自愿性披露公告
2021-07-17 00:00:00	AN202107161504181903	688185:独立董事关于第二届董事会第四次临时会议相关事项的独立意见
2021-07-17 00:00:00	AN202107161504181901	688185:中信证券股份有限公司关于康希诺生物股份公司子公司上药康希诺与上海医药签署相关协议暨关联交易的核查意见
2021-07-17 00:00:00	AN202107161504181899	688185:2021年半年度业绩预告的自愿性披露公告
2021-07-15 00:00:00	AN202107141503771095	688185:康希诺2021年第一次临时股东大会会议资料
2021-07-03 00:00:00	AN202107021501339479	688185:康希诺H股公告(股份发行人的证券变动月报表)
2021-06-23 00:00:00	AN202106231499504104	688185:关于A群C群脑膜炎球菌多糖结合疫苗(CRM197载体)获得药品注册证书的公告
2021-06-12 00:00:00	AN202106111497339937	688185:关于召开2021年第一次临时股东大会的通知
2021-06-12 00:00:00	AN202106111497339936	688185:关于变更经营范围及修改《公司章程》并办理工商变更登记的公告
2021-06-03 00:00:00	AN202106021495528879	688185:康希诺H股公告(股份发行人的证券变动月报表)
2021-05-31 00:00:00	AN202105301494896854	688185:2020年年度股东大会决议公告
2021-05-31 00:00:00	AN202105301494896855	688185:北京市天元律师事务所关于康希诺生物股份公司2020年年度股东大会的法律意见
2021-05-19 00:00:00	AN202105181492456820	688185:康希诺H股公告(购买结构性存款)
2021-05-12 00:00:00	AN202105111491094276	688185:康希诺2020年年度股东大会会议资料
2021-05-07 00:00:00	AN202105061490100502	688185:康希诺H股公告(股份发行人的证券变动月报表)
2021-04-30 00:00:00	AN202104291488632720	688185:2021年第一季度报告正文
2021-04-30 00:00:00	AN202104291488632717	688185:关于变更部分募集资金投资项目并使用超募资金投资康希诺创新疫苗产业园项目的公告
2021-04-30 00:00:00	AN202104291488632715	688185:中信证券关于康希诺变更部分募集资金投资项目并使用超募资金投资康希诺创新疫苗产业园项目的核查意见
2021-04-30 00:00:00	AN202104291488632714	688185:第二届监事会第五次会议决议公告
2021-04-30 00:00:00	AN202104291488632718	688185:关于2020年年度股东大会增加临时提案的公告
2021-04-30 00:00:00	AN202104291488632716	688185:独立董事关于公司第二届董事会第五次会议的独立意见
2021-04-30 00:00:00	AN202104291488632719	688185:2021年第一季度报告
2021-04-16 00:00:00	AN202104151485285457	688185:康希诺H股公告(董事會會議通告)
2021-04-14 00:00:00	AN202104131484356179	688185:关于13价肺炎球菌多糖结合疫苗(CRM197,TT载体)进入Ⅲ期临床试验的公告
2021-04-13 00:00:00	AN202104121483977649	688185:中信证券股份有限公司关于康希诺生物股份公司2020年度持续督导跟踪报告
2021-04-08 00:00:00	AN202104071482003036	688185:康希诺H股公告(股份發行人的證券變動月報表)
2021-03-29 00:00:00	AN202103281477690284	688185:2020年度募集资金存放与实际使用情况专项报告
2021-03-29 00:00:00	AN202103281477690281	688185:第二届监事会第四次会议决议公告
2021-03-29 00:00:00	AN202103281477690287	688185:关于变更会计师事务所的公告
2021-03-29 00:00:00	AN202103281477690288	688185:信息披露暂缓与豁免管理制度
2021-03-29 00:00:00	AN202103281477690297	688185:2020年年度报告摘要
2021-03-29 00:00:00	AN202103281477690280	688185:关于召开2020年年度股东大会的通知
2021-03-29 00:00:00	AN202103281477690286	688185:关于监事辞职及提名监事候选人的公告
2021-03-29 00:00:00	AN202103281477690291	688185:董事会审计委员会2020年度履职报告
2021-03-29 00:00:00	AN202103281477690290	688185:独立董事关于第二届董事会第四次会议相关事项的独立意见
2021-03-29 00:00:00	AN202103281477690283	688185:中信证券股份有限公司关于康希诺生物股份公司2020年度募集资金存放与使用情况的专项核查意见
2021-03-29 00:00:00	AN202103281477690293	688185:康希诺生物股份公司2020年度控股股东及其他关联方占用资金情况专项报告
2021-03-29 00:00:00	AN202103281477690285	688185:关于使用闲置自有资金进行现金管理的公告
2021-03-29 00:00:00	AN202103281477690294	688185:康希诺生物股份公司2020年度A股审计报告
2021-03-29 00:00:00	AN202103281477690289	688185:独立董事关于第二届董事会第四次会议相关事项的事前认可意见
2021-03-29 00:00:00	AN202103281477690282	688185:普华永道中天会计师事务所(特殊普通合伙)关于康希诺生物股份公司2020年度募集资金存放与实际使用情况专项报告及鉴证报告
2021-03-29 00:00:00	AN202103281477690292	688185:独立董事2020年度述职报告
2021-03-29 00:00:00	AN202103281477690296	688185:2020年年度报告
2021-03-29 00:00:00	AN202103281477690295	688185:独立董事关于公司对外担保情况的专项说明及独立意见
2021-03-11 00:00:00	AN202103101470354457	688185:康希诺H股公告(董事會會議通告)
2021-03-03 00:00:00	AN202103021467333901	688185:康希诺H股公告(股份发行人的证券变动月报表)
2021-02-26 00:00:00	AN202102251465331554	688185:2020年度业绩快报公告
2021-02-25 00:00:00	AN202102241464967779	688185:自愿披露关于重组新型冠状病毒疫苗(5型腺病毒载体)附条件上市申请获国家药监局受理的公告
2021-02-04 00:00:00	AN202102031458039197	688185:康希诺H股公告(股份发行人的证券变动月报表)
2021-02-03 00:00:00	AN202102021457641801	688185:康希诺生物股份公司首次公开发行网下配售限售股上市流通公告
2021-02-03 00:00:00	AN202102021457641800	688185:中信证券股份有限公司关于康希诺生物股份公司首次公开发行网下配售限售股上市流通的核查意见
2021-01-29 00:00:00	AN202101281455266200	688185:康希诺生物股份公司2020年年度业绩预告公告
2021-01-06 00:00:00	AN202101051447396894	688185:康希诺H股公告(股份发行人的证券变动月报表)
2020-12-05 00:00:00	AN202012041436736406	688185:康希诺H股公告(股份发行人的证券变动月报表)
2020-11-07 00:00:00	AN202011061427117217	688185:康希诺H股公告(股份發行人的證券變動月報表)
2020-10-28 00:00:00	AN202010271424040615	688185:康希诺2020年第三季度报告
2020-10-28 00:00:00	AN202010271424040616	688185:康希诺2020年第三季度报告正文
2020-10-10 00:00:00	AN202010091420265347	688185:康希诺2020年第一次临时股东大会决议公告
2020-10-10 00:00:00	AN202010091420265346	688185:康希诺2020年第一次临时股东大会法律意见
2020-09-22 00:00:00	AN202009211415491722	688185:康希诺2020年第一次临时股东大会会议资料
2020-09-08 00:00:00	AN202009071408714951	688185:康希诺:中信证券股份有限公司关于康希诺生物股份公司2020年半年度持续督导跟踪报告
2020-08-26 00:00:00	AN202008251401366266	688185:康希诺H股公告(暂停办理股份过户登记手续)
2020-08-25 00:00:00	AN202008241401028256	688185:康希诺H股公告(建议上市所得款项用途变更)
2020-08-24 00:00:00	AN202008231400770793	688185:康希诺:中信证券股份有限公司关于康希诺生物股份公司使用暂时闲置募集资金进行现金管理的核查意见
2020-08-24 00:00:00	AN202008231400770796	688185:康希诺关于会计政策变更的公告
2020-08-24 00:00:00	AN202008231400770798	688185:康希诺第二届董事会第二次会议决议公告
2020-08-24 00:00:00	AN202008231400770801	688185:康希诺:中信证券股份有限公司关于康希诺生物股份公司使用部分超募资金永久补充流动资金的核查意见
2020-08-24 00:00:00	AN202008231400770792	688185:康希诺关于使用部分超募资金永久补充流动资金的公告
2020-08-24 00:00:00	AN202008231400770795	688185:康希诺独立董事关于公司第二届董事会第二次会议的独立意见
2020-08-24 00:00:00	AN202008231400770802	688185:康希诺2020年半年度报告摘要
2020-08-24 00:00:00	AN202008231400770800	688185:康希诺2020年第一次临时股东大会通知
2020-08-24 00:00:00	AN202008231400770799	688185:康希诺2020年半年度报告
2020-08-24 00:00:00	AN202008231400770797	688185:康希诺第二届监事会第二次会议决议公告
2020-08-24 00:00:00	AN202008231400770794	688185:康希诺关于使用暂时闲置募集资金进行现金管理的公告
2020-08-14 00:00:00	AN202008131398288901	688185:康希诺H股公告—翌日披露表
2020-08-12 00:00:00	AN202008121397988310	关于康希诺生物股份公司人民币普通股股票科创板上市交易的公告
2020-08-12 00:00:00	AN202008111397880810	688185:康希诺公司章程
2020-08-12 00:00:00	AN202008111397880811	688185:康希诺首次公开发行股票科创板上市公告书
2020-08-06 00:00:00	AN202008051396579078	688185:康希诺首次公开发行股票并在科创板上市招股说明书
2020-08-06 00:00:00	AN202008051396579079	688185:康希诺首次公开发行股票并在科创板上市发行结果公告
2020-08-04 00:00:00	AN202008031396138459	688185:康希诺首次公开发行股票并在科创板上市网下初步配售结果及网上中签结果公告
2020-08-03 00:00:00	AN202008021395867808	688185:康希诺首次公开发行股票并在科创板上市网上发行申购情况及中签率公告
2020-07-30 00:00:00	AN202007291395116957	688185:康希诺首次公开发行股票并在科创板上市发行公告
2020-07-30 00:00:00	AN202007291395116956	688185:北京德恒律师事务所关于康希诺生物股份公司首次公开发行股票并在科创板上市战略投资者核查事项的法律意见
2020-07-30 00:00:00	AN202007291395116955	688185:中信证券股份有限公司关于康希诺生物股份公司首次公开发行股票战略配售之专项核查报告
2020-07-30 00:00:00	AN202007291395116954	688185:中国国际金融股份有限公司关于康希诺生物股份公司首次公开发行股票战略配售之专项核查报告
2020-07-30 00:00:00	AN202007291395116953	688185:康希诺首次公开发行股票并在科创板上市投资风险特别公告
2020-07-29 00:00:00	AN202007281394890678	688185:康希诺首次公开发行股票并在科创板上市网上路演公告
2020-07-23 00:00:00	AN202007221393411683	688185:康希诺首次公开发行股票并在科创板上市招股意向书附录(一)
2020-07-23 00:00:00	AN202007221393411684	688185:康希诺首次公开发行股票并在科创板上市招股意向书附录(二)
2020-07-23 00:00:00	AN202007221393411685	688185:康希诺首次公开发行股票并在科创板上市招股意向书
2020-07-23 00:00:00	AN202007221393411682	688185:康希诺首次公开发行股票并在科创板上市发行安排及初步询价公告
2020-07-16 00:00:00	AN202007161392063350	关于同意康希诺生物股份公司首次公开发行股票注册的批复
2020-07-10 00:00:00	AN202007161391985323	8-1发行人及保荐机构关于发行注册环节反馈意见落实函回复报告(康希诺生物股份公司)
2020-07-10 00:00:00	AN202007161391985324	8-2普华永道中天会计师事务所(特殊普通合伙)关于发行注册环节反馈意见落实函回复报告(康希诺生物股份公司)
2020-07-10 00:00:00	AN202007161391985325	康希诺生物股份公司科创板首次公开发行股票招股说明书(注册稿)(康希诺生物股份公司)
2020-05-09 00:00:00	AN202005091379506608	康希诺生物股份公司科创板首次公开发行股票招股说明书(注册稿)(康希诺生物股份公司)
2020-05-09 00:00:00	AN202005091379506330	3-2-1财务报表及审计报告(康希诺生物股份公司)
2020-05-09 00:00:00	AN202005091379506342	3-1-2发行保荐书(康希诺生物股份公司)
2020-05-09 00:00:00	AN202005091379506344	3-3-1法律意见书(康希诺生物股份公司)
2020-05-09 00:00:00	AN202005091379506343	3-1-3上市保荐书(康希诺生物股份公司)
2020-05-08 00:00:00	AN202005081379472252	8-1关于康希诺生物股份公司首次公开发行股票并在科创板上市的上市委会议意见落实函的回复报告(康希诺生物股份公司)
2020-04-30 00:00:00	AN202004301379120667	科创板上市委2020年第21次审议会议结果公告
2020-04-22 00:00:00	AN202004221378417241	科创板上市委2020年第21次审议会议公告
2020-04-21 00:00:00	AN202004211378335319	3-2-1财务报表及审计报告(康希诺生物股份公司)
2020-04-21 00:00:00	AN202004211378335793	康希诺生物股份公司科创板首次公开发行股票招股说明书(上会稿)(康希诺生物股份公司)
2020-04-21 00:00:00	AN202004211378335741	8-1康希诺生物股份公司首次公开发行股票并在科创板上市的审核中心意见落实函之回复报告(康希诺生物股份公司)
2020-04-21 00:00:00	AN202004211378335789	8-3北京市天元律师事务所关于康希诺生物股份公司首次公开发行股票并在科创板上市的补充法律意见书(三)(康希诺生物股份公司)
2020-04-21 00:00:00	AN202004211378335395	3-1-2发行保荐书(康希诺生物股份公司)
2020-04-21 00:00:00	AN202004211378335321	3-3-1法律意见书(康希诺生物股份公司)
2020-04-21 00:00:00	AN202004211378335317	3-1-3上市保荐书(康希诺生物股份公司)
2020-04-13 00:00:00	AN202004141377947250	8-2-2普华永道中天会计师事务所(特殊普通合伙)就康希诺生物股份公司对审核问询函(二)所做回复的专项意见(康希诺生物股份公司)
2020-04-13 00:00:00	AN202004141377947261	8-1-2康希诺生物股份公司及中信证券股份有限公司关于审核问询函(二)之回复报告(康希诺生物股份公司)
2020-04-13 00:00:00	AN202004141377947265	8-3-2北京市天元律师事务所关于康希诺生物股份公司首次公开发行股票并在科创板上市的补充法律意见书(二)(康希诺生物股份公司)
2020-04-13 00:00:00	AN202004141377947260	8-1-1康希诺生物股份公司及中信证券股份有限公司关于审核问询函之回复报告(更新2019年年报)(康希诺生物股份公司)
2020-04-13 00:00:00	AN202004141377947248	8-2-1普华永道中天会计师事务所(特殊普通合伙)就康希诺生物股份公司对审核问询函所做回复的专项意见(更新2019年年报)(康希诺生物股份公司)
2020-03-19 00:00:00	AN202003191376684588	8-1发行人及保荐机构回复意见(康希诺生物股份公司)
2020-03-19 00:00:00	AN202003191376684597	8-2普华永道中天会计师事务所(特殊普通合伙)就康希诺生物股份公司对审核问询函所做回复的专项意见(康希诺生物股份公司)
2020-03-19 00:00:00	AN202003191376684603	8-3补充法律意见书(康希诺生物股份公司)
2020-01-22 00:00:00	AN202002031374675384	中信证券股份有限公司关于康希诺生物股份公司首次公开发行股票并在科创板上市的发行保荐书(康希诺生物股份公司)
2020-01-22 00:00:00	AN202002031374675383	中信证券股份有限公司关于康希诺生物股份公司首次公开发行股票并在科创板上市的上市保荐书(康希诺生物股份公司)
2020-01-22 00:00:00	AN202002031374675386	普华永道中天会计师事务所(特殊普通合伙)关于康希诺生物股份公司首次公开发行股票并在科创板上市的财务报表及审计报告(康希诺生物股份公司)
2020-01-22 00:00:00	AN202002031374675385	北京市天元律师事务所关于康希诺生物股份公司首次公开发行股票并在科创板上市的法律意见书(康希诺生物股份公司)
2020-01-22 00:00:00	AN202002031374675296	康希诺生物股份公司科创板首次公开发行股票招股说明书(申报稿)(康希诺生物股份公司)
2020-01-10 00:00:00	AN202001101373857552	中信证券股份有限公司关于康希诺生物股份公司首次公开发行股票并上市辅导工作总结报告
2019-11-28 00:00:00	AN201911281371253329	中信证券关于康希诺之辅导工作进展情况报告(第一期)
2019-10-22 00:00:00	AN201910221369473313	康希诺生物股份公司首次公开发行股票并在科创板上市接受辅导公告
