2022-06-16 00:00:00	AN202206151572318348	688185:2021年年度股东大会、2022年第一次A股类别股东大会及2022年第一次H股类别股东大会会议资料
2022-06-07 00:00:00	AN202206061570384701	688185:康希诺H股公告(证券变动月报表)
2022-06-06 00:00:00	AN202206051570182537	688185:自愿披露关于终止与辉瑞推广合作的公告
2022-06-03 00:00:00	AN202206021569554161	688185:康希诺H股公告(须予披露的交易)
2022-06-03 00:00:00	AN202206021569547113	688185:关于以集中竞价交易方式回购公司A股股份的进展公告
2022-05-31 00:00:00	AN202205311569088246	康希诺:2022年5月投资者关系活动记录表
2022-05-26 00:00:00	AN202205251567820930	688185:独立非执行董事工作制度(2022年5月)
2022-05-26 00:00:00	AN202205251567820932	688185:关于修订《公司章程》及部分内部管理制度的公告
2022-05-26 00:00:00	AN202205251567820940	688185:股东大会议事规则(2022年5月)
2022-05-26 00:00:00	AN202205251567820933	688185:第二届监事会第十三次会议决议公告
2022-05-26 00:00:00	AN202205251567820936	688185:董事会提名委员会工作细则(2022年5月)
2022-05-26 00:00:00	AN202205251567820938	688185:募集资金管理制度(2022年5月)
2022-05-26 00:00:00	AN202205251567820937	688185:对外担保决策制度(2022年5月)
2022-05-26 00:00:00	AN202205251567820929	688185:关于召开2021年年度股东大会、2022年第一次A股类别股东大会及2022年第一次H股类别股东大会的通知
2022-05-26 00:00:00	AN202205251567820935	688185:关于提请股东大会授权董事会以简易程序向特定对象发行股票的公告
2022-05-26 00:00:00	AN202205251567820928	688185:公司章程(2022年5月)
2022-05-26 00:00:00	AN202205251567820934	688185:独立董事关于第二届董事会第八次临时会议相关事项的独立意见
2022-05-26 00:00:00	AN202205251567820939	688185:董事会议事规则(2022年5月)
2022-05-26 00:00:00	AN202205251567820931	688185:内部审计管理制度
2022-05-26 00:00:00	AN202205251567820941	688185:2021年度环境、社会及公司治理(ESG)报告
2022-05-25 00:00:00	AN202205241567599521	688185:康希诺H股公告(翌日披露报表)(2022/05/25)
2022-05-24 00:00:00	AN202205231567412614	688185:康希诺H股公告(翌日披露报表)
2022-05-21 00:00:00	AN202205201566760869	688185:康希诺H股公告(須予披露的交易)
2022-05-20 00:00:00	AN202205191566605808	688185:关于重组新型冠状病毒疫苗(5型腺病毒载体)被纳入世界卫生组织(WHO)紧急使用清单的公告
2022-05-07 00:00:00	AN202205061563898296	688185:关于以集中竞价交易方式回购公司A股股份的进展公告
2022-05-07 00:00:00	AN202205061563897466	688185:康希诺H股公告(证券变动月报表)
2022-05-06 00:00:00	AN202205061563964997	康希诺:2022年4月投资者关系活动记录表
2022-05-06 00:00:00	AN202205051563722153	688185:康希诺H股公告(须予披露的交易)
2022-04-29 00:00:00	AN202204281562185580	688185:2022年第一季度报告
2022-04-20 00:00:00	AN202204191560237860	688185:关于发行可转换为境外上市外资股的公司债券获得中国证监会批复的公告
2022-04-15 00:00:00	AN202204141559230594	688185:康希诺H股公告(翌日披露報表)
2022-04-13 00:00:00	AN202204121558845287	688185:康希诺H股公告(董事會會議通告)
2022-04-07 00:00:00	AN202204061557637527	688185:康希诺H股公告(证券变动月报表)
2022-04-07 00:00:00	AN202204061557628205	688185:中信证券股份有限公司关于康希诺生物股份公司2021年度持续督导跟踪报告
2022-04-07 00:00:00	AN202204061557620932	688185:关于以集中竞价交易方式回购公司A股股份的进展公告
2022-04-06 00:00:00	AN202204051557426670	688185:自愿披露关于新型冠状病毒mRNA疫苗获得药物临床试验批件的公告
2022-03-31 00:00:00	AN202203311556305199	康希诺:2022年3月投资者关系活动记录表
2022-03-31 00:00:00	AN202203301556030566	688185:关于召开2021年度业绩说明会暨现金分红说明会的公告
2022-03-28 00:00:00	AN202203271555344780	688185:2021年度内部控制评价报告
2022-03-28 00:00:00	AN202203271555344796	688185:独立董事关于第二届董事会第八次会议相关事项的独立意见
2022-03-28 00:00:00	AN202203271555344797	688185:中信证券股份有限公司关于康希诺生物股份公司关联交易事项的核查意见
2022-03-28 00:00:00	AN202203271555344782	688185:控股股东、实际控制人及其他关联方资金占用情况的专项说明
2022-03-28 00:00:00	AN202203271555344787	688185:关于作废部分已授予但尚未归属的限制性股票的公告
2022-03-28 00:00:00	AN202203271555344777	688185:董事会审计委员会2021年度履职报告
2022-03-28 00:00:00	AN202203271555344786	688185:北京市天元律师事务所关于康希诺生物股份公司2021年限制性股票激励计划作废部分限制性股票的法律意见
2022-03-28 00:00:00	AN202203271555344788	688185:中信证券股份有限公司关于康希诺生物股份公司关于开展外汇套期保值业务的核查意见
2022-03-28 00:00:00	AN202203271555344791	688185:关于募集资金存放与使用情况的专项报告及审核报告
2022-03-28 00:00:00	AN202203271555344776	688185:内部控制评价制度
2022-03-28 00:00:00	AN202203271555344790	688185:关于使用闲置自有资金进行现金管理的公告
2022-03-28 00:00:00	AN202203271555344789	688185:关于开展外汇套期保值业务的公告
2022-03-28 00:00:00	AN202203271555344792	688185:中信证券股份有限公司关于康希诺生物股份公司2021年度募集资金存放与实际使用情况专项报告的核查意见
2022-03-28 00:00:00	AN202203271555344800	688185:2021年度审计报告
2022-03-28 00:00:00	AN202203271555344781	688185:独立董事2021年度述职报告
2022-03-28 00:00:00	AN202203271555344794	688185:关于续聘会计师事务所的公告
2022-03-28 00:00:00	AN202203271555344778	688185:内部控制审计报告
2022-03-28 00:00:00	AN202203271555344775	688185:董事会审计委员会工作细则(2022年3月)
2022-03-28 00:00:00	AN202203271555344785	688185:2021年年度报告摘要
2022-03-28 00:00:00	AN202203271555344795	688185:独立董事关于第二届董事会第八次会议相关事项的事前认可意见
2022-03-28 00:00:00	AN202203271555344773	688185:关于2022年度日常关联交易预计的公告
2022-03-28 00:00:00	AN202203271555344799	688185:第二届监事会第十一次会议决议公告
2022-03-28 00:00:00	AN202203271555344783	688185:独立董事关于公司对外担保情况的专项说明及独立意见
2022-03-28 00:00:00	AN202203271555344793	688185:2021年度募集资金存放与实际使用情况专项报告
2022-03-28 00:00:00	AN202203271555344779	688185:2021年社会责任报告
2022-03-28 00:00:00	AN202203271555344774	688185:关于2021年年度利润分配方案的公告
2022-03-28 00:00:00	AN202203271555344784	688185:2021年年度报告
2022-03-28 00:00:00	AN202203271555344063	688185:关于首次实现盈利暨取消股票简称特别标识U的公告
2022-03-15 00:00:00	AN202203141552576689	688185:中信证券股份有限公司关于康希诺生物股份公司2021年持续督导工作现场检查报告
2022-03-12 00:00:00	AN202203111551966120	688185:康希诺H股公告(董事会会议通知)
2022-03-11 00:00:00	AN202203111551893136	康希诺:2021年10月4日投资者关系活动记录表
2022-03-08 00:00:00	AN202203071551174330	688185:关于原持股5%以上股东股份减持计划期限届满暨减持股份结果公告
2022-03-04 00:00:00	AN202203031550339638	688185:康希诺H股公告(证券变动月报表)
2022-03-02 00:00:00	AN202203011549935661	688185:关于以集中竞价交易方式回购公司A股股份的进展公告
2022-02-26 00:00:00	AN202202251549129207	688185:2021年度业绩快报公告
2022-02-25 00:00:00	AN202202241548915401	688185:康希诺H股公告(须予披露的交易)
2022-02-21 00:00:00	AN202202201548155754	688185:自愿披露关于重组新型冠状病毒疫苗(5型腺病毒载体)获批用于序贯加强免疫接种的公告
2022-02-15 00:00:00	AN202202141546973183	688185:关于持股5%以上股东权益变动的提示性公告
2022-02-15 00:00:00	AN202202141546973180	688185:简式权益变动报告书
2022-02-12 00:00:00	AN202202111546360078	688185:康希诺H股公告(须予披露的交易)
2022-02-12 00:00:00	AN202202111546360077	688185:康希诺H股公告(翌日披露报表)(2022/02/12)
2022-02-11 00:00:00	AN202202101546127127	688185:康希诺H股公告(翌日披露报表)(2022/02/11)
2022-02-10 00:00:00	AN202202091545922376	688185:康希诺H股公告(翌日披露报表)(2022/02/10)
2022-02-09 00:00:00	AN202202081545719843	688185:康希诺H股公告(翌日披露报表)
2022-02-08 00:00:00	AN202202071545496520	688185:关于以集中竞价交易方式首次回购公司A股股份暨回购A股股份进展情况的公告
2022-02-08 00:00:00	AN202202071545495915	688185:康希诺H股公告(证券变动月报表)
2022-01-29 00:00:00	AN202201281543181014	688185:2021年年度业绩预告公告
2022-01-29 00:00:00	AN202201281543181013	688185:关于以集中竞价交易方式回购公司A股股份的回购报告书
2022-01-28 00:00:00	AN202201271542982543	688185:关于实际控制人之一调整H股持股方式及签署《<一致行动人协议>之补充协议》的提示性公告
2022-01-27 00:00:00	AN202201261542760421	688185:关于回购A股股份事项前十大股东和前十大无限售条件股东持股情况的公告
2022-01-24 00:00:00	AN202201231542156208	688185:第二届董事会第七次临时会议决议公告
2022-01-24 00:00:00	AN202201231542156206	688185:独立董事关于第二届董事会第七次临时会议相关事项的独立意见
2022-01-24 00:00:00	AN202201231542156207	688185:关于以集中竞价交易方式回购公司A股股份方案的公告
2022-01-24 00:00:00	AN202201231542156195	688185:关于公司董事长、实际控制人之一提议公司回购A股股份的公告
2022-01-21 00:00:00	AN202201201541543931	688185:康希诺H股公告(须予披露的交易)
2022-01-13 00:00:00	AN202201121539977319	688185:关于持股5%以上股东减持超过1%的提示性公告
2022-01-12 00:00:00	AN202201111539785171	688185:关于持股5%以上股东减持数量过半的进展公告
2022-01-05 00:00:00	AN202201041538471155	688185:康希诺H股公告(证券变动月报表)
2021-12-29 00:00:00	AN202112291537293970	688185:关于ACYW135群脑膜炎球菌多糖结合疫苗(CRM197载体)获得药品注册证书的公告
2021-12-24 00:00:00	AN202112241536395626	688185:康希诺H股公告(內幕消息)
2021-12-06 00:00:00	AN202112051533015127	688185:关于持股5%以上股东减持时间过半的进展公告
2021-12-03 00:00:00	AN202112021532411086	688185:康希诺H股公告(股份發行人及根據《上市規則》第十九B章上市的香港預託證券發行人的證券變動月報表)
2021-12-01 00:00:00	AN202111301532019889	688185:关于持股5%以上股东减持超过1%的提示性公告
2021-11-20 00:00:00	AN202111191529945556	688185:康希诺H股公告(須予披露的交易)
2021-11-15 00:00:00	AN202111151529137068	688185:康希诺H股公告
2021-11-12 00:00:00	AN202111111528420574	688185:康希诺H股公告(購買結構性存款)
2021-11-04 00:00:00	AN202111031526829626	688185:康希诺H股公告(股份發行人及根據《上市規則》第十九B章上市的香港預託證券發行人的證券變動月報表)
2021-10-29 00:00:00	AN202110281525585424	688185:康希诺H股公告(须予披露的交易)
2021-10-29 00:00:00	AN202110281525571453	688185:2021年第三季度报告
2021-10-16 00:00:00	AN202110151522812477	688185:康希诺H股公告(董事會會議通知)
2021-10-13 00:00:00	AN202110121522176379	688185:康希诺H股公告(2020年度企業年度報告書)
2021-10-12 00:00:00	AN202110111522007939	688185:2021年第三次临时股东大会决议公告
2021-10-12 00:00:00	AN202110111522007940	688185:北京市天元律师事务所关于康希诺生物股份公司2021年第三次临时股东大会的法律意见
2021-10-09 00:00:00	AN202110081521356437	688185:康希诺H股公告(证券变动月报表)
2021-09-29 00:00:00	AN202109281519124352	688185:康希诺H股公告(康希诺生物股份公司)
2021-09-23 00:00:00	AN202109221517864068	688185:2021年第三次临时股东大会会议资料
2021-09-11 00:00:00	AN202109101515415392	688185:北京市天元律师事务所关于康希诺生物股份公司2021年第二次临时股东大会、2021年第一次A股类别股东大会及2021年第一次H股类别股东大会的法律意见
2021-09-11 00:00:00	AN202109101515415402	688185:关于2021年限制性股票激励计划内幕信息知情人及激励对象买卖公司股票情况的自查报告
2021-09-11 00:00:00	AN202109101515415391	688185:第二届董事会第六次临时会议决议公告
2021-09-11 00:00:00	AN202109101515415377	688185:2021年第二次临时股东大会、2021年第一次A股类别股东大会、2021年第一次H股类别股东大会决议公告
2021-09-11 00:00:00	AN202109101515415399	688185:关于向激励对象首次及部分预留授予限制性股票的公告
2021-09-11 00:00:00	AN202109101515415400	688185:关于调整2021年限制性股票激励计划首次授予相关事项的公告
2021-09-11 00:00:00	AN202109101515415388	688185:关于使用部分超募资金永久补充流动资金的公告
2021-09-11 00:00:00	AN202109101515415395	688185:公司监事会关于2021年限制性股票激励计划激励对象名单的核查意见(授予日)
2021-09-11 00:00:00	AN202109101515415397	688185:北京市天元律师事务所关于康希诺生物股份公司2021年限制性股票激励计划调整及授予事项的法律意见
2021-09-11 00:00:00	AN202109101515415398	688185:独立董事关于公司第二届董事会第六次临时会议的独立意见
2021-09-11 00:00:00	AN202109101515415401	688185:关于董事、高级管理人员及证券事务代表变动的公告
2021-09-11 00:00:00	AN202109101515415390	688185:第二届监事会第九次会议决议公告
2021-09-11 00:00:00	AN202109101515415394	688185:上海荣正投资咨询股份有限公司关于康希诺生物股份公司2021年限制性股票激励计划首次及部分预留授予相关事项之独立财务顾问报告
2021-09-11 00:00:00	AN202109101515415389	688185:关于召开2021年第三次临时股东大会的通知
2021-09-11 00:00:00	AN202109101515415396	688185:2021年限制性股票激励计划激励对象名单(授予日)
2021-09-11 00:00:00	AN202109101515415403	688185:中信证券股份有限公司关于康希诺生物股份公司使用部分超募资金永久补充流动资金的核查意见
2021-09-07 00:00:00	AN202109061514593901	688185:中信证券股份有限公司关于康希诺生物股份公司2021年半年度持续督导跟踪报告
2021-09-04 00:00:00	AN202109031514020079	688185:康希诺H股公告(股份發行人及根據《上市規則》第十九B章上市的香港預託證券發行人的證券變動月報表)
2021-09-03 00:00:00	AN202109021513812168	688185:监事会关于公司2021年限制性股票激励计划首次授予激励对象名单的公示情况说明及核查意见
2021-08-30 00:00:00	AN202108291513166636	688185:第二届监事会第八次会议决议公告
2021-08-30 00:00:00	AN202108291513166520	688185:2021年半年度报告摘要
2021-08-30 00:00:00	AN202108291513166517	688185:关于召开2021年半年度业绩说明会的公告
2021-08-30 00:00:00	AN202108291513166521	688185:中信证券股份有限公司关于康希诺生物股份公司使用暂时闲置募集资金进行现金管理的核查意见
2021-08-30 00:00:00	AN202108291513166518	688185:独立董事关于公司第二届董事会第六次会议的独立意见
2021-08-30 00:00:00	AN202108291513166516	688185:2021年半年度募集资金存放与实际使用情况专项报告
2021-08-30 00:00:00	AN202108291513166519	688185:2021年半年度报告
2021-08-30 00:00:00	AN202108291513166522	688185:关于使用暂时闲置募集资金进行现金管理的公告
2021-08-26 00:00:00	AN202108251512320184	688185:2021年第二次临时股东大会、2021年第一次A股类别股东大会及2020年第一次H股类别股东大会会议资料
2021-08-21 00:00:00	AN202108201511241965	688185:监事会关于公司2021年限制性股票激励计划(草案)的核查意见
2021-08-21 00:00:00	AN202108201511241964	688185:2021年限制性股票激励计划实施考核管理办法
2021-08-21 00:00:00	AN202108201511241966	688185:上海荣正投资咨询股份有限公司关于康希诺生物股份公司2021年限制性股票激励计划(草案)之独立财务顾问报告
2021-08-21 00:00:00	AN202108201511241959	688185:关于独立董事公开征集委托投票权的公告
2021-08-21 00:00:00	AN202108201511241962	688185:2021年限制性股票激励计划(草案)
2021-08-21 00:00:00	AN202108201511241969	688185:2021年限制性股票激励计划(草案)摘要公告
2021-08-21 00:00:00	AN202108201511241960	688185:第二届监事会第七次会议决议公告
2021-08-21 00:00:00	AN202108201511241961	688185:第二届董事会第五次临时会议决议公告
2021-08-21 00:00:00	AN202108201511241968	688185:独立董事关于第二届董事会第五次临时会议相关事项的独立意见
2021-08-21 00:00:00	AN202108201511241958	688185:关于召开2021年第二次临时股东大会、2021年第一次A股类别股东大会及2021年第一次H股类别股东大会的通知
2021-08-21 00:00:00	AN202108201511241967	688185:北京市天元律师事务所关于康希诺生物股份公司2021年限制性股票激励计划(草案)的法律意见
2021-08-21 00:00:00	AN202108201511241963	688185:2021年限制性股票激励计划激励对象名单
2021-08-21 00:00:00	AN202108201511220618	688185:康希诺H股公告(購買結構性存款)
2021-08-14 00:00:00	AN202108131509822916	688185:康希诺H股公告(董事會會議日期)
2021-08-14 00:00:00	AN202108131509816032	688185:关于持股5%以上股东减持股份计划公告
2021-08-05 00:00:00	AN202108041508024400	688185:中信证券股份有限公司关于康希诺生物股份公司首次公开发行部分限售股上市流通的核查意见
2021-08-05 00:00:00	AN202108041508024401	688185:康希诺生物股份公司首次公开发行部分限售股上市流通公告
2021-08-05 00:00:00	AN202108041508019205	688185:康希诺H股公告(发行人的证券变动月报表)
2021-07-31 00:00:00	AN202107301507024034	688185:北京市天元律师事务所关于康希诺生物股份公司2021年第一次临时股东大会的法律意见(1)
2021-07-31 00:00:00	AN202107301507014781	688185:公司章程(2021年7月)
2021-07-31 00:00:00	AN202107301507014779	688185:2021年第一次临时股东大会决议公告
2021-07-31 00:00:00	AN202107301507014782	688185:北京市天元律师事务所关于康希诺生物股份公司2021年第一次临时股东大会的法律意见(2)
2021-07-30 00:00:00	AN202107291506818241	688185:关于2021年第一次临时股东大会变更现场会议召开地点的公告
2021-07-30 00:00:00	AN202107291506818242	688185:关于变更持续督导保荐代表人的公告
2021-07-17 00:00:00	AN202107161504181904	688185:独立董事关于第二届董事会第四次临时会议相关事项的事前认可意见
2021-07-17 00:00:00	AN202107161504181898	688185:第二届监事会第六次会议决议公告
2021-07-17 00:00:00	AN202107161504181896	688185:关于子公司上药康希诺与上海医药签署相关协议暨关联交易的自愿性披露公告
2021-07-17 00:00:00	AN202107161504181903	688185:独立董事关于第二届董事会第四次临时会议相关事项的独立意见
2021-07-17 00:00:00	AN202107161504181901	688185:中信证券股份有限公司关于康希诺生物股份公司子公司上药康希诺与上海医药签署相关协议暨关联交易的核查意见
2021-07-17 00:00:00	AN202107161504181899	688185:2021年半年度业绩预告的自愿性披露公告
2021-07-15 00:00:00	AN202107141503771095	688185:康希诺2021年第一次临时股东大会会议资料
2021-07-03 00:00:00	AN202107021501339479	688185:康希诺H股公告(股份发行人的证券变动月报表)
2021-06-23 00:00:00	AN202106231499504104	688185:关于A群C群脑膜炎球菌多糖结合疫苗(CRM197载体)获得药品注册证书的公告
2021-06-12 00:00:00	AN202106111497339937	688185:关于召开2021年第一次临时股东大会的通知
2021-06-12 00:00:00	AN202106111497339936	688185:关于变更经营范围及修改《公司章程》并办理工商变更登记的公告
2021-06-03 00:00:00	AN202106021495528879	688185:康希诺H股公告(股份发行人的证券变动月报表)
2021-05-31 00:00:00	AN202105301494896854	688185:2020年年度股东大会决议公告
2021-05-31 00:00:00	AN202105301494896855	688185:北京市天元律师事务所关于康希诺生物股份公司2020年年度股东大会的法律意见
2021-05-19 00:00:00	AN202105181492456820	688185:康希诺H股公告(购买结构性存款)
2021-05-12 00:00:00	AN202105111491094276	688185:康希诺2020年年度股东大会会议资料
2021-05-07 00:00:00	AN202105061490100502	688185:康希诺H股公告(股份发行人的证券变动月报表)
2021-04-30 00:00:00	AN202104291488632720	688185:2021年第一季度报告正文
2021-04-30 00:00:00	AN202104291488632717	688185:关于变更部分募集资金投资项目并使用超募资金投资康希诺创新疫苗产业园项目的公告
2021-04-30 00:00:00	AN202104291488632715	688185:中信证券关于康希诺变更部分募集资金投资项目并使用超募资金投资康希诺创新疫苗产业园项目的核查意见
2021-04-30 00:00:00	AN202104291488632714	688185:第二届监事会第五次会议决议公告
2021-04-30 00:00:00	AN202104291488632718	688185:关于2020年年度股东大会增加临时提案的公告
2021-04-30 00:00:00	AN202104291488632716	688185:独立董事关于公司第二届董事会第五次会议的独立意见
2021-04-30 00:00:00	AN202104291488632719	688185:2021年第一季度报告
2021-04-16 00:00:00	AN202104151485285457	688185:康希诺H股公告(董事會會議通告)
2021-04-14 00:00:00	AN202104131484356179	688185:关于13价肺炎球菌多糖结合疫苗(CRM197,TT载体)进入Ⅲ期临床试验的公告
2021-04-13 00:00:00	AN202104121483977649	688185:中信证券股份有限公司关于康希诺生物股份公司2020年度持续督导跟踪报告
2021-04-08 00:00:00	AN202104071482003036	688185:康希诺H股公告(股份發行人的證券變動月報表)
2021-03-29 00:00:00	AN202103281477690284	688185:2020年度募集资金存放与实际使用情况专项报告
2021-03-29 00:00:00	AN202103281477690281	688185:第二届监事会第四次会议决议公告
2021-03-29 00:00:00	AN202103281477690287	688185:关于变更会计师事务所的公告
2021-03-29 00:00:00	AN202103281477690288	688185:信息披露暂缓与豁免管理制度
2021-03-29 00:00:00	AN202103281477690297	688185:2020年年度报告摘要
2021-03-29 00:00:00	AN202103281477690280	688185:关于召开2020年年度股东大会的通知
2021-03-29 00:00:00	AN202103281477690286	688185:关于监事辞职及提名监事候选人的公告
2021-03-29 00:00:00	AN202103281477690291	688185:董事会审计委员会2020年度履职报告
2021-03-29 00:00:00	AN202103281477690290	688185:独立董事关于第二届董事会第四次会议相关事项的独立意见
2021-03-29 00:00:00	AN202103281477690283	688185:中信证券股份有限公司关于康希诺生物股份公司2020年度募集资金存放与使用情况的专项核查意见
2021-03-29 00:00:00	AN202103281477690293	688185:康希诺生物股份公司2020年度控股股东及其他关联方占用资金情况专项报告
2021-03-29 00:00:00	AN202103281477690285	688185:关于使用闲置自有资金进行现金管理的公告
2021-03-29 00:00:00	AN202103281477690294	688185:康希诺生物股份公司2020年度A股审计报告
2021-03-29 00:00:00	AN202103281477690289	688185:独立董事关于第二届董事会第四次会议相关事项的事前认可意见
2021-03-29 00:00:00	AN202103281477690282	688185:普华永道中天会计师事务所(特殊普通合伙)关于康希诺生物股份公司2020年度募集资金存放与实际使用情况专项报告及鉴证报告
2021-03-29 00:00:00	AN202103281477690292	688185:独立董事2020年度述职报告
2021-03-29 00:00:00	AN202103281477690296	688185:2020年年度报告
2021-03-29 00:00:00	AN202103281477690295	688185:独立董事关于公司对外担保情况的专项说明及独立意见
2021-03-11 00:00:00	AN202103101470354457	688185:康希诺H股公告(董事會會議通告)
2021-03-03 00:00:00	AN202103021467333901	688185:康希诺H股公告(股份发行人的证券变动月报表)
2021-02-26 00:00:00	AN202102251465331554	688185:2020年度业绩快报公告
2021-02-25 00:00:00	AN202102241464967779	688185:自愿披露关于重组新型冠状病毒疫苗(5型腺病毒载体)附条件上市申请获国家药监局受理的公告
2021-02-04 00:00:00	AN202102031458039197	688185:康希诺H股公告(股份发行人的证券变动月报表)
2021-02-03 00:00:00	AN202102021457641801	688185:康希诺生物股份公司首次公开发行网下配售限售股上市流通公告
2021-02-03 00:00:00	AN202102021457641800	688185:中信证券股份有限公司关于康希诺生物股份公司首次公开发行网下配售限售股上市流通的核查意见
2021-01-29 00:00:00	AN202101281455266200	688185:康希诺生物股份公司2020年年度业绩预告公告
2021-01-06 00:00:00	AN202101051447396894	688185:康希诺H股公告(股份发行人的证券变动月报表)
2020-12-05 00:00:00	AN202012041436736406	688185:康希诺H股公告(股份发行人的证券变动月报表)
2020-11-07 00:00:00	AN202011061427117217	688185:康希诺H股公告(股份發行人的證券變動月報表)
2020-10-28 00:00:00	AN202010271424040615	688185:康希诺2020年第三季度报告
2020-10-28 00:00:00	AN202010271424040616	688185:康希诺2020年第三季度报告正文
2020-10-10 00:00:00	AN202010091420265347	688185:康希诺2020年第一次临时股东大会决议公告
2020-10-10 00:00:00	AN202010091420265346	688185:康希诺2020年第一次临时股东大会法律意见
2020-09-22 00:00:00	AN202009211415491722	688185:康希诺2020年第一次临时股东大会会议资料
2020-09-08 00:00:00	AN202009071408714951	688185:康希诺:中信证券股份有限公司关于康希诺生物股份公司2020年半年度持续督导跟踪报告
2020-08-26 00:00:00	AN202008251401366266	688185:康希诺H股公告(暂停办理股份过户登记手续)
2020-08-25 00:00:00	AN202008241401028256	688185:康希诺H股公告(建议上市所得款项用途变更)
2020-08-24 00:00:00	AN202008231400770793	688185:康希诺:中信证券股份有限公司关于康希诺生物股份公司使用暂时闲置募集资金进行现金管理的核查意见
2020-08-24 00:00:00	AN202008231400770796	688185:康希诺关于会计政策变更的公告
2020-08-24 00:00:00	AN202008231400770798	688185:康希诺第二届董事会第二次会议决议公告
2020-08-24 00:00:00	AN202008231400770801	688185:康希诺:中信证券股份有限公司关于康希诺生物股份公司使用部分超募资金永久补充流动资金的核查意见
2020-08-24 00:00:00	AN202008231400770792	688185:康希诺关于使用部分超募资金永久补充流动资金的公告
2020-08-24 00:00:00	AN202008231400770795	688185:康希诺独立董事关于公司第二届董事会第二次会议的独立意见
2020-08-24 00:00:00	AN202008231400770802	688185:康希诺2020年半年度报告摘要
2020-08-24 00:00:00	AN202008231400770800	688185:康希诺2020年第一次临时股东大会通知
2020-08-24 00:00:00	AN202008231400770799	688185:康希诺2020年半年度报告
2020-08-24 00:00:00	AN202008231400770797	688185:康希诺第二届监事会第二次会议决议公告
2020-08-24 00:00:00	AN202008231400770794	688185:康希诺关于使用暂时闲置募集资金进行现金管理的公告
2020-08-14 00:00:00	AN202008131398288901	688185:康希诺H股公告—翌日披露表
2020-08-12 00:00:00	AN202008121397988310	关于康希诺生物股份公司人民币普通股股票科创板上市交易的公告
2020-08-12 00:00:00	AN202008111397880810	688185:康希诺公司章程
2020-08-12 00:00:00	AN202008111397880811	688185:康希诺首次公开发行股票科创板上市公告书
2020-08-06 00:00:00	AN202008051396579078	688185:康希诺首次公开发行股票并在科创板上市招股说明书
2020-08-06 00:00:00	AN202008051396579079	688185:康希诺首次公开发行股票并在科创板上市发行结果公告
2020-08-04 00:00:00	AN202008031396138459	688185:康希诺首次公开发行股票并在科创板上市网下初步配售结果及网上中签结果公告
2020-08-03 00:00:00	AN202008021395867808	688185:康希诺首次公开发行股票并在科创板上市网上发行申购情况及中签率公告
2020-07-30 00:00:00	AN202007291395116957	688185:康希诺首次公开发行股票并在科创板上市发行公告
2020-07-30 00:00:00	AN202007291395116956	688185:北京德恒律师事务所关于康希诺生物股份公司首次公开发行股票并在科创板上市战略投资者核查事项的法律意见
2020-07-30 00:00:00	AN202007291395116955	688185:中信证券股份有限公司关于康希诺生物股份公司首次公开发行股票战略配售之专项核查报告
2020-07-30 00:00:00	AN202007291395116954	688185:中国国际金融股份有限公司关于康希诺生物股份公司首次公开发行股票战略配售之专项核查报告
2020-07-30 00:00:00	AN202007291395116953	688185:康希诺首次公开发行股票并在科创板上市投资风险特别公告
2020-07-29 00:00:00	AN202007281394890678	688185:康希诺首次公开发行股票并在科创板上市网上路演公告
2020-07-23 00:00:00	AN202007221393411683	688185:康希诺首次公开发行股票并在科创板上市招股意向书附录(一)
2020-07-23 00:00:00	AN202007221393411684	688185:康希诺首次公开发行股票并在科创板上市招股意向书附录(二)
2020-07-23 00:00:00	AN202007221393411685	688185:康希诺首次公开发行股票并在科创板上市招股意向书
2020-07-23 00:00:00	AN202007221393411682	688185:康希诺首次公开发行股票并在科创板上市发行安排及初步询价公告
2020-07-16 00:00:00	AN202007161392063350	关于同意康希诺生物股份公司首次公开发行股票注册的批复
2020-07-10 00:00:00	AN202007161391985323	8-1发行人及保荐机构关于发行注册环节反馈意见落实函回复报告(康希诺生物股份公司)
2020-07-10 00:00:00	AN202007161391985324	8-2普华永道中天会计师事务所(特殊普通合伙)关于发行注册环节反馈意见落实函回复报告(康希诺生物股份公司)
2020-07-10 00:00:00	AN202007161391985325	康希诺生物股份公司科创板首次公开发行股票招股说明书(注册稿)(康希诺生物股份公司)
2020-05-09 00:00:00	AN202005091379506608	康希诺生物股份公司科创板首次公开发行股票招股说明书(注册稿)(康希诺生物股份公司)
2020-05-09 00:00:00	AN202005091379506330	3-2-1财务报表及审计报告(康希诺生物股份公司)
2020-05-09 00:00:00	AN202005091379506342	3-1-2发行保荐书(康希诺生物股份公司)
2020-05-09 00:00:00	AN202005091379506344	3-3-1法律意见书(康希诺生物股份公司)
2020-05-09 00:00:00	AN202005091379506343	3-1-3上市保荐书(康希诺生物股份公司)
2020-05-08 00:00:00	AN202005081379472252	8-1关于康希诺生物股份公司首次公开发行股票并在科创板上市的上市委会议意见落实函的回复报告(康希诺生物股份公司)
2020-04-30 00:00:00	AN202004301379120667	科创板上市委2020年第21次审议会议结果公告
2020-04-22 00:00:00	AN202004221378417241	科创板上市委2020年第21次审议会议公告
2020-04-21 00:00:00	AN202004211378335319	3-2-1财务报表及审计报告(康希诺生物股份公司)
2020-04-21 00:00:00	AN202004211378335793	康希诺生物股份公司科创板首次公开发行股票招股说明书(上会稿)(康希诺生物股份公司)
2020-04-21 00:00:00	AN202004211378335741	8-1康希诺生物股份公司首次公开发行股票并在科创板上市的审核中心意见落实函之回复报告(康希诺生物股份公司)
2020-04-21 00:00:00	AN202004211378335789	8-3北京市天元律师事务所关于康希诺生物股份公司首次公开发行股票并在科创板上市的补充法律意见书(三)(康希诺生物股份公司)
2020-04-21 00:00:00	AN202004211378335395	3-1-2发行保荐书(康希诺生物股份公司)
2020-04-21 00:00:00	AN202004211378335321	3-3-1法律意见书(康希诺生物股份公司)
2020-04-21 00:00:00	AN202004211378335317	3-1-3上市保荐书(康希诺生物股份公司)
2020-04-13 00:00:00	AN202004141377947250	8-2-2普华永道中天会计师事务所(特殊普通合伙)就康希诺生物股份公司对审核问询函(二)所做回复的专项意见(康希诺生物股份公司)
2020-04-13 00:00:00	AN202004141377947261	8-1-2康希诺生物股份公司及中信证券股份有限公司关于审核问询函(二)之回复报告(康希诺生物股份公司)
2020-04-13 00:00:00	AN202004141377947265	8-3-2北京市天元律师事务所关于康希诺生物股份公司首次公开发行股票并在科创板上市的补充法律意见书(二)(康希诺生物股份公司)
2020-04-13 00:00:00	AN202004141377947260	8-1-1康希诺生物股份公司及中信证券股份有限公司关于审核问询函之回复报告(更新2019年年报)(康希诺生物股份公司)
2020-04-13 00:00:00	AN202004141377947248	8-2-1普华永道中天会计师事务所(特殊普通合伙)就康希诺生物股份公司对审核问询函所做回复的专项意见(更新2019年年报)(康希诺生物股份公司)
2020-03-19 00:00:00	AN202003191376684588	8-1发行人及保荐机构回复意见(康希诺生物股份公司)
2020-03-19 00:00:00	AN202003191376684597	8-2普华永道中天会计师事务所(特殊普通合伙)就康希诺生物股份公司对审核问询函所做回复的专项意见(康希诺生物股份公司)
2020-03-19 00:00:00	AN202003191376684603	8-3补充法律意见书(康希诺生物股份公司)
2020-01-22 00:00:00	AN202002031374675384	中信证券股份有限公司关于康希诺生物股份公司首次公开发行股票并在科创板上市的发行保荐书(康希诺生物股份公司)
2020-01-22 00:00:00	AN202002031374675383	中信证券股份有限公司关于康希诺生物股份公司首次公开发行股票并在科创板上市的上市保荐书(康希诺生物股份公司)
2020-01-22 00:00:00	AN202002031374675386	普华永道中天会计师事务所(特殊普通合伙)关于康希诺生物股份公司首次公开发行股票并在科创板上市的财务报表及审计报告(康希诺生物股份公司)
2020-01-22 00:00:00	AN202002031374675385	北京市天元律师事务所关于康希诺生物股份公司首次公开发行股票并在科创板上市的法律意见书(康希诺生物股份公司)
2020-01-22 00:00:00	AN202002031374675296	康希诺生物股份公司科创板首次公开发行股票招股说明书(申报稿)(康希诺生物股份公司)
2020-01-10 00:00:00	AN202001101373857552	中信证券股份有限公司关于康希诺生物股份公司首次公开发行股票并上市辅导工作总结报告
2019-11-28 00:00:00	AN201911281371253329	中信证券关于康希诺之辅导工作进展情况报告(第一期)
2019-10-22 00:00:00	AN201910221369473313	康希诺生物股份公司首次公开发行股票并在科创板上市接受辅导公告
